id,loannumber,borrowername,borroweraddress,borrowercity,borrowerstate,borrowerzip,loanstatusdate,loanstatus,initialapprovalamount,currentapprovalamount,currentapprovalamount-2,servicinglendername,hubzoneindicator,businessagedescription,jobsreported,naicscode,lmiindicator,businesstype,forgivenessamount,forgivenessdate
366282,7925888904,GLOBAL MD MULTI SERVICE INC,1421 Dr Martin L King Jr Blvd,Bronx,NY,10452-4069,10/21/21,Paid in Full,147117,147117,147117,"TD Bank, National Association",Y,Existing or more than 2 years old,18,452319,Y,Corporation,147631.91,9/17/21
366981,4263788404,GLOBAL ENTERPRISES SERVICES CORP,209 Grand Concourse,Bronx,NY,10451,11/3/21,Paid in Full,145832,145832,145832,Legacy Bank,Y,Existing or more than 2 years old,7,562111,Y,Corporation,146589.52,9/15/21
368462,7548288807,VEG-PAK DIST. CO. INC.,147 New York City Term Mkt,Bronx,NY,10474-5572,3/18/22,Paid in Full,143322,143322,143322,Signature Bank,Y,Existing or more than 2 years old,7,484121,Y,Subchapter S Corporation,144531.4,2/28/22
368919,7514087202,161 ST PHARMA INC,275 East 161 Street,Bronx,NY,10451-3504,2/18/22,Paid in Full,142500,142500,142500,Loan Source Incorporated,Y,Existing or more than 2 years old,11,446110,Y,Subchapter S Corporation,143870.34,4/22/21
369062,5252167202,GPJ O'DONOGHUE CONTRACTING CORP.,261 Grand Concourse,Bronx,NY,10451,2/18/22,Paid in Full,142200,142200,142200,Loan Source Incorporated,Y,Existing or more than 2 years old,10,236220,Y,Corporation,143894.71,7/21/21
372284,7787538404,SECURE RESOURCES & COMMUNICATIONS LLC,1120 Leggett Ave,Bronx,NY,10474-6232,7/15/22,Paid in Full,136455,136455,136455,Loan Source Incorporated,Y,Existing or more than 2 years old,35,561612,Y,Limited  Liability Company(LLC),138227.05,6/9/22
373888,7825867709,"SKY UP TAX MULTISERVICE, CORP",49 W 170th Street,Bronx,NY,10452,2/18/22,Paid in Full,133607,133607,133607,Cross River Bank,Y,Existing or more than 2 years old,9,541213,Y,Corporation,135825.24,1/4/22
375237,2247167302,HUNTS POINT SERVICE STATION INC,565 Hunts Point Ave,Bronx,NY,10474,5/21/21,Paid in Full,131153,131153,131153,Signature Bank,Y,Existing or more than 2 years old,10,811111,Y,Corporation,132389.07,4/16/21
375960,6348197308,LUCIDITY AWARDS AND SIGNAGE COPR,728 East 136th Street,Bronx,NY,10454,6/30/21,Paid in Full,130000,130000,130000,"TD Bank, National Association",Y,Existing or more than 2 years old,9,423940,Y,Corporation,131310.83,5/14/21
376090,1108647310,"N. PAGANO PLUMBING AND HEATING CONTRACTORS, INC.",370 E. 134th Street,Bronx,NY,10454,5/18/21,Paid in Full,129800,129800,129800,"Citibank, N.A.",Y,Existing or more than 2 years old,9,238220,Y,Subchapter S Corporation,130971.81,3/30/21
376154,1405137306,"INNOVA INTERIORS, INC.",780 E.134 St. 2 floor,Bronx,NY,10454,11/19/21,Paid in Full,129700,129700,129700,"Citibank, N.A.",Y,Existing or more than 2 years old,14,321999,Y,Subchapter S Corporation,131569.84,10/15/21
376855,4377457706,SA MF ENTERPRISES INC-SBA SMALL 7A TERM,541 Barretto Street,Bronx,NY,10474-6724,7/22/21,Paid in Full,131570,128500,128500,"TD Bank, National Association",N,Existing or more than 2 years old,14,NULL,Y,Corporation,129909.93,6/11/21
378046,2427397309,BEST TROPICAL,234 Row B Hunts Point Terminal Market,Bronx,NY,10474,10/20/21,Paid in Full,126442,126442,126442,Signature Bank,N,Existing or more than 2 years old,13,424480,Y,Corporation,128167.15,9/15/21
378326,9386578610,ANDREA VANEGAS BEAUTY LLL,811 Walton Ave Apt A19,Bronx,NY,10451-2321,12/7/21,Paid in Full,125970.82,125970.82,125970.82,Lower East Side People's FCU,Y,Existing or more than 2 years old,5,812112,N,Single Member LLC,126691.63,10/27/21
378870,4947667310,"RIGGING CONSULTANTS, INC",555 Longfellow Ave.,Bronx,NY,10474,4/17/21,Paid in Full,125045,125045,125045,"Santander Bank, National Association",Y,Existing or more than 2 years old,10,238910,Y,Corporation,126137.86,3/24/21
378938,1764838509,BEST MONITORING LTD,1120 Leggett Ave,Bronx,NY,10474-6232,2/18/22,Paid in Full,125000,125000,125000,Loan Source Incorporated,Y,Existing or more than 2 years old,35,561621,Y,Subchapter S Corporation,126003.42,12/14/21
378964,2188837301,J & K SEAFOOD INC,"800 Food Center Drive, Unit 56",Bronx,NY,10474,8/11/21,Paid in Full,136400,125000,125000,"Capital One, National Association",Y,Existing or more than 2 years old,5,424460,Y,Corporation,126465.28,7/15/21
379653,8145168501,NORTHSIDE INDUSTRIES LLC,1351 E Bay Ave,Bronx,NY,10474-7025,5/25/22,Paid in Full,124345,124345,124345,Loan Source Incorporated,Y,Existing or more than 2 years old,9,484220,Y,Limited  Liability Company(LLC),125734.94,4/28/22
380231,4867087302,ADVANCED BRONX DENTAL PLLC,237 Willis Avenue,Bronx,NY,10454,3/18/22,Paid in Full,123414,123414,123414,Customers Bank,Y,Existing or more than 2 years old,25,621210,Y,Corporation,125290.57,11/17/21
380926,7737667109,BRIGHT PHARMA INC.,142 E 170 Street,Bronx,NY,10452,7/15/21,Paid in Full,122400,122400,122400,Live Oak Banking Company,Y,Existing or more than 2 years old,14,446110,Y,Corporation,123791.67,6/9/21
380999,9065877206,CHELSEA CONSTRUCTION GROUP LLC,79 Alexander Avenue,Bronx,NY,10454,5/12/21,Paid in Full,120000,122300,122300,Hudson Valley CU,Y,Existing or more than 2 years old,6,236117,Y,Limited  Liability Company(LLC),123382.27,4/12/21
381914,6223827205,WASH AND SHINE CAR WASH INC.,169 Lincoln Ave,Bronx,NY,10454-3730,12/18/21,Paid in Full,120865.45,120865.45,120865.45,Ponce Bank,Y,Existing or more than 2 years old,25,811192,Y,Corporation,122719.82,11/17/21
382979,7208297709,INTEGRITY ELECTRIC CORP,523 Longfellow Ave,Bronx,NY,10474,9/24/21,Paid in Full,119500,119500,119500,"Citibank, N.A.",Y,Existing or more than 2 years old,12,999990,Y,Subchapter S Corporation,120980.47,8/2/21
385628,3597178905,PETERSON MERCHANDISE DISCOUNT INCORPARATED,128 E Clarke Pl Apt 4G,Bronx,NY,10452-7606,7/15/22,Paid in Full,115617,115617,115617,"JPMorgan Chase Bank, National Association",Y,Existing or more than 2 years old,7,448140,Y,Corporation,116866.5,6/2/22
385834,4471798804,WILL GROCERY & MEAT INC.,250 Willis Ave,Bronx,NY,10454-2612,10/20/21,Paid in Full,115327,115327,115327,"JPMorgan Chase Bank, National Association",Y,Existing or more than 2 years old,30,445110,Y,Corporation,115810.48,9/21/21
385885,7333187100,TUCK IT AWAY ASSOCIATES LTD,945 Summit Avenue 0.0,Bronx,NY,10452-5001,5/21/21,Paid in Full,115267,115267,115267,"JPMorgan Chase Bank, National Association",Y,Existing or more than 2 years old,8,531130,Y,Subchapter S Corporation,116396.62,4/12/21
387019,4251057709,"GREAT OAKS MECHANICAL, INC.",193 Willow Avenue,Bronx,NY,10454,9/30/21,Paid in Full,113775,113775,113775,"TD Bank, National Association",Y,Existing or more than 2 years old,12,NULL,Y,Corporation,115288.84,8/27/21
387787,9423637804,P. EAST TRADING CORP.,710 Longfellow Avenue,Bronx,NY,10474-6003,7/14/21,Paid in Full,112646,112646,112646,Celtic Bank Corporation,Y,Existing or more than 2 years old,19,423990,Y,Corporation,113812.58,6/22/21
388176,2885407710,HARLEM GROUP DR CORP.,884 Gerard Ave Comm,Bronx,NY,10452,3/20/21,Paid in Full,112302,112302,112302,"JPMorgan Chase Bank, National Association",N,Existing or more than 2 years old,20,813920,Y,Corporation,113191.62,2/17/21
388553,6462167205,C & C MEATS CORP,"355 Food Center Drive, F-4",Bronx,NY,10474,9/25/21,Paid in Full,111754,111754,111754,Signature Bank,N,Existing or more than 2 years old,12,424470,Y,Corporation,113147.1,8/4/21
391364,3721958607,JENRAM BAKERY CORP,521 Faile St,Bronx,NY,10474-6909,12/16/21,Paid in Full,108080,108080,108080,"Bank of America, National Association",Y,Existing or more than 2 years old,14,311812,Y,Subchapter S Corporation,108820.27,11/26/21
394476,6624848502,"LAUNDROMAT & CLEANERS EXPRESS, CORP.",671 Prospect Ave,Bronx,NY,10455-2463,9/24/21,Paid in Full,104375,104375,104375,Itria Ventures LLC,Y,Existing or more than 2 years old,6,812310,Y,Corporation,104827.29,8/13/21
395503,6286887307,MY WELLNESS SOLUTIONS,436 East 149 Street #Storefront,Bronx,NY,10455,7/15/21,Paid in Full,103167,103167,103167,WebBank,Y,Existing or more than 2 years old,12,812199,Y,Corporation,104307.57,6/3/21
396141,7427297110,PARASHER DENTAL PC,124 East 170th Street,Bronx,NY,10452,3/17/21,Paid in Full,102500,102500,102500,Customers Bank,Y,Existing or more than 2 years old,7,453998,Y,Corporation,103227.33,1/25/21
396188,1722487702,WALDORF BAKERS INC.,909 E 135th St,Bronx,NY,10454,4/22/21,Paid in Full,102469,102469,102469,"JPMorgan Chase Bank, National Association",Y,Existing or more than 2 years old,15,311812,Y,Corporation,103378.36,3/24/21
396368,8862328003,GRACE INTERNATIONAL MARKET,1009 Ogden Ave,Bronx,NY,10452-5104,3/19/22,Paid in Full,102245,102245,102245,"Kabbage, Inc.",Y,Existing or more than 2 years old,7,445110,Y,Self-Employed Individuals,103883.72,2/14/22
398227,1676367808,ALBERT MENIN INTERIORS,2417 Third Ave 510,Bronx,NY,10451-6330,3/23/22,Paid in Full,100071,100071,100071,Cross River Bank,Y,Existing or more than 2 years old,13,337110,Y,Corporation,101757.13,1/31/22
399645,3620118810,"FRUITS, VEGS & MEAT CORP",256 Saint Anns Ave,Bronx,NY,10454-2608,10/20/21,Paid in Full,99042,99042,99042,"JPMorgan Chase Bank, National Association",Y,Existing or more than 2 years old,25,445110,Y,Corporation,99465.29,9/21/21
400147,2712957310,LEE LOI INDUSTRIES INC.,234-236 Row B NYC Terminal Market,Bronx,NY,10474,5/21/21,Paid in Full,98482,98482,98482,Signature Bank,N,Existing or more than 2 years old,10,424480,Y,Corporation,99412.86,4/19/21
400687,2805968003,"ARETE EDUCATION, INC.",557 Grand Concourse Suite 3 #140,Bronx,NY,10451,5/18/21,Paid in Full,97900,97900,97900,"Citibank, N.A.",Y,Existing or more than 2 years old,36,611699,Y,Non-Profit Organization,98658.72,4/6/21
401112,9580477307,HERCULES DOOR HARDWARE CORP,886 East 149th Street,Bronx,NY,10455,6/30/21,Paid in Full,97500,97500,97500,"TD Bank, National Association",Y,Existing or more than 2 years old,12,541512,Y,Corporation,98428.96,4/15/21
402385,6465777304,SHREE RUSHIN RX INC,542 Southern Blvd,Bronx,NY,10455-3715,4/23/21,Paid in Full,89660,96075,96075,"Lendistry SBLC, LLC",Y,Existing or more than 2 years old,9,446110,Y,Corporation,96854.13,3/5/21
402851,7210507710,ACA FREIGHT FORWARDING INC,324 Bryant Ave,Bronx,NY,10474,1/21/21,Paid in Full,95600,95600,95600,"Citibank, N.A.",Y,Existing or more than 2 years old,10,488510,Y,Subchapter S Corporation,96192.19,12/21/20
403310,2905318603,PLATANO DEPOT LLC,546 Barretto St,Bronx,NY,10474-6720,11/9/21,Paid in Full,95062.5,95062.5,95062.5,Ponce Bank,N,Existing or more than 2 years old,5,311411,Y,Limited  Liability Company(LLC),95625.06,10/22/21
404251,5491647310,SULLIVAN CUSTOM WOOD FLOORS INC,1455 Cromwell Ave,Bronx,NY,10452,8/10/21,Paid in Full,94135,94135,94135,Celtic Bank Corporation,Y,Existing or more than 2 years old,6,236115,Y,Subchapter S Corporation,95269.78,7/15/21
405371,4127457703,SONRISA CORP  DBA-SBA SMALL 7A TERM,755 E B 149th ST,Bronx,NY,10455,6/30/21,Paid in Full,93040,93040,93040,"TD Bank, National Association",N,Existing or more than 2 years old,12,NULL,Y,Corporation,93905.79,4/8/21
405782,9669787204,STAR PHARMA INC,115 Feather Bed LN #A,Bronx,NY,10452,4/9/21,Paid in Full,92609,92609,92609,Valley National Bank,Y,Existing or more than 2 years old,6,446110,Y,Subchapter S Corporation,93434.76,3/23/21
406398,3964397200,DOMINICANOS USA INC,369 East 149th Street 11th Fl,Bronx,NY,10455,4/23/21,Paid in Full,92000,92000,92000,Popular Bank,Y,Existing or more than 2 years old,10,611710,Y,Professional Association,82496.56,12/14/20
407439,7549628401,136 ALEXANDER CAFE LLC,136 Alexander Ave,Bronx,NY,10454-4570,9/20/22,Paid in Full,90955,90955,90955,Loan Source Incorporated,Y,Existing or more than 2 years old,26,722511,Y,Limited  Liability Company(LLC),92315.59,8/18/22
408059,5426558100,"NYC SMALL BUSINESS SOLUTIONS, INC",557 Grand Concourse Ste 4089,Bronx,NY,10451,3/18/22,Paid in Full,90291,90291,90291,"Kabbage, Inc.",Y,Existing or more than 2 years old,6,541990,Y,Corporation,91488.28,11/17/21
411300,1710667809,MASA-MEXED INC,2770 Third Ave,Bronx,NY,10455,3/19/22,Paid in Full,87465,87465,87465,"TD Bank, National Association",Y,Existing or more than 2 years old,14,611710,Y,Corporation,88983.49,2/11/22
411674,9236647104,IFS STUDIO INC,480  Austin Place Building A,Bronx,NY,10455-5023,7/14/21,Paid in Full,87082,87082,87082,Celtic Bank Corporation,Y,Existing or more than 2 years old,9,337212,Y,Subchapter S Corporation,88081.65,6/17/21
411710,9122697110,MARISCO CENTER INC.,610 Exterior St,Bronx,NY,10451,5/27/21,Paid in Full,87039.72,87039.72,87039.72,Hanover Community Bank,Y,Existing or more than 2 years old,25,722511,Y,Corporation,87842.42,4/5/21
413186,3977188910,WIPE-TEX INTERNATIONAL CORP,110 E 153rd St,Bronx,NY,10451-5230,12/18/21,Paid in Full,85790,85790,85790,"JPMorgan Chase Bank, National Association",Y,Existing or more than 2 years old,17,313210,N,Partnership,86212.71,10/29/21
415272,5710877310,E & M FOOD MARKET CORP,760 Melrose Avenue,Bronx,NY,10451,1/22/21,Paid in Full,84015,84015,84015,"TD Bank, National Association",Y,Existing or more than 2 years old,19,445110,Y,Corporation,84554.1,12/21/20
415369,9601707108,"MARTINEZ INSURANCE AGENCY, INC.",251 E 138th street,Bronx,NY,10451,7/14/21,Paid in Full,83972,83972,83972,WebBank,Y,Existing or more than 2 years old,13,524210,Y,Corporation,84965.67,6/17/21
416376,3667097110,"INNOVATIVE PROPERTY MANAGEMENT & DEVELOPMENT, INC.",798 Westchester Ave,Bronx,NY,10455,3/23/21,Paid in Full,83214,83214,83214,Hanover Community Bank,Y,Existing or more than 2 years old,8,561110,Y,Corporation,83909.76,2/24/21
416420,7984557304,IMPERIEX CONSTRUCTION INC.,1185 Randall Ave.,Bronx,NY,10474,4/17/21,Paid in Full,83183,83183,83183,"Santander Bank, National Association",Y,Existing or more than 2 years old,8,238910,Y,Corporation,83921.39,3/25/21
416784,2615467303,DARRYL LIEBERMAN DDS AND ASSOCIATES PC,790 Concoure Village west,Bronx,NY,10451,3/18/22,Paid in Full,82852,82852,82852,Customers Bank,N,Existing or more than 2 years old,9,621210,N,Corporation,84136.77,11/17/21
417697,4683827207,EMPORIUM SUPERMARKET CORP.,148 E 170th Street,Bronx,NY,10452,5/13/21,Paid in Full,82112.42,82112,82112,Mid Penn Bank,Y,Existing or more than 2 years old,27,445110,Y,Corporation,82894.88,4/15/21
418399,1317498610,KEILA RAPHAEL,1133 Ogden Ave Apt 1L,Bronx,NY,10452-4306,11/19/21,Paid in Full,81500,81500,81500,"Citibank, N.A.",Y,Existing or more than 2 years old,11,541618,Y,Sole Proprietorship,81998.06,10/27/21
418854,1943527302,FLYOUNGLLC,242 east 137th street 3rd floor,Bronx,NY,10451,3/18/22,Paid in Full,81182,81182,81182,Customers Bank,Y,Existing or more than 2 years old,10,999990,Y,Limited  Liability Company(LLC),82425.31,11/16/21
419729,9868697204,KATSURA CONSTRUCTION INC,761 Bruckner Blvd.,Bronx,NY,10455,4/22/21,Paid in Full,80500,80500,80500,"TD Bank, National Association",Y,Existing or more than 2 years old,7,236220,Y,Corporation,81217.79,3/17/21
421080,8359677206,"SMART ROOFS, LLC",1360 Garrison Avenue,Bronx,NY,10474,10/8/21,Paid in Full,79558.65,79558.65,79558.65,"Modern Bank, National Association",Y,Existing or more than 2 years old,34,238160,Y,Limited  Liability Company(LLC),80621.64,9/2/21
421897,5713287305,SACRED HEART CHURCH,1253 Shakespeare Avenue,Bronx,NY,10452,2/18/22,Paid in Full,78900,78900,78900,Loan Source Incorporated,Y,Existing or more than 2 years old,7,813110,Y,Corporation,79686.84,5/10/21
423298,7068417705,"CLASSIC SOFA OF NY, LTD.",728 East 136th Street,Bronx,NY,10454,1/21/21,Paid in Full,77800,77800,77800,"Citibank, N.A.",Y,Existing or more than 2 years old,10,811420,Y,Corporation,68204.92,12/10/20
427898,3547217202,"FITZ & PAL FOOD CENTER, LLC",Unit 31B NYC Hunts Point Terminal Market,Bronx,NY,10474,2/25/21,Paid in Full,74639,74639,74639,Signature Bank,N,Existing or more than 2 years old,5,424480,Y,Partnership,75156.36,1/19/21
430092,7719047205,"EAST COAST ENVIRONMENTAL SERVICES OF NY, INC.",340 Jackson Avenue,Bronx,NY,10454,9/25/21,Paid in Full,73000,73000,73000,Signature Bank,Y,Existing or more than 2 years old,7,213112,Y,Corporation,73938,8/19/21
434210,9476557209,"SAFEWAY PHARMACY, INC",493 East 138th Street,Bronx,NY,10454,1/19/22,Paid in Full,70060,70060,70060,"Spencer Savings Bank, SLA",Y,Existing or more than 2 years old,8,446110,Y,Corporation,70632.16,2/24/21
435529,8127857202,JNJ NEW YORK INC,2856-70 Third Ave.,Bronx,NY,10455,7/10/21,Paid in Full,69308.32,69308.32,69308.32,"KEB Hana Bank USA, National Association",Y,Existing or more than 2 years old,15,446120,Y,Corporation,70103.44,6/22/21
435879,9679657705,SATELLITE PLUMBING CORPORATION,65 Bruckner Blvd,Bronx,NY,10454-4436,3/23/21,Paid in Full,75000,69100,69100,"Newtek Small Business Finance, Inc.",Y,Existing or more than 2 years old,5,238220,Y,Subchapter S Corporation,69591.38,2/22/21
435928,5714038102,"THE INSTITUTE FOR MEDIATION AND CONFLICT RESOLUTION, INC.","369 E. 148th Street, Lower Level",Bronx,NY,10455,11/6/21,Paid in Full,50000,69050,69050,Fountainhead SBF LLC,Y,Existing or more than 2 years old,7,624190,Y,Non-Profit Organization,69899.7,10/28/21
437339,2969647404,POWER MASTERS ELECTRICAL CONTRACTING INC.,385 Rider Avenue,Bronx,NY,10451,8/12/21,Paid in Full,68087.5,68087.5,68087.5,Orange Bank & Trust Company,Y,Existing or more than 2 years old,6,238210,Y,Corporation,68908.33,7/22/21
437717,1148837302,DEFENDER SECURITY INC,798 Westchester Ave,Bronx,NY,10455,3/20/21,Paid in Full,67841,67841,67841,Hanover Community Bank,Y,Existing or more than 2 years old,11,561612,Y,Corporation,68395.03,2/24/21
438149,4498257309,BEST PRICE RENOVATIONS LLC,408 E 154th St,Bronx,NY,10455,6/17/21,Paid in Full,67532.5,67532.5,67532.5,"Square Capital, LLC",Y,Existing or more than 2 years old,5,238350,Y,Limited  Liability Company(LLC),68244.83,5/21/21
438362,2196908610,BLICKMEYER & SIEBELITZ INC,1145 Longwood Ave,Bronx,NY,10474-5712,12/21/21,Paid in Full,67472,67472,67472,"JPMorgan Chase Bank, National Association",Y,Existing or more than 2 years old,8,811118,Y,Corporation,67914.65,11/15/21
441070,4424007301,PSK RX INC,2702 3rd Ave,Bronx,NY,10454-1210,5/25/21,Paid in Full,66450,65707,65707,"Lendistry SBLC, LLC",Y,Existing or more than 2 years old,7,446110,Y,Corporation,66313.66,4/21/21
442049,4616407406,JETS PRODUCE,#263A Row B NYC Terminal MKT,Bronx,NY,10474,11/18/21,Paid in Full,65100,65100,65100,"Citibank, N.A.",N,Existing or more than 2 years old,7,445230,Y,Subchapter S Corporation,52549.53,7/15/21
442610,4423737306,CHOICE ONE PHARMA INC,1550 University Avenue,Bronx,NY,10452-1503,5/25/21,Paid in Full,64895,64895,64895,"Lendistry SBLC, LLC",Y,Existing or more than 2 years old,6,446110,Y,Corporation,65506.61,4/21/21
443217,2206767309,BRONX 170 FOODS INC,140 E 170th St,Bronx,NY,10452,8/12/21,Paid in Full,64500,64500,64500,Live Oak Banking Company,Y,Existing or more than 2 years old,12,722513,Y,Subchapter S Corporation,65295.21,7/26/21
443548,2578087307,"REYES PRODUCE TRANSPORT, INC.",540-544 Faile Street,Bronx,NY,10474,8/18/21,Paid in Full,64305,64305,64305,Signature Bank,Y,Existing or more than 2 years old,10,484220,Y,Subchapter S Corporation,65094.28,7/28/21
448088,3647407306,"WE STAY-NOS QUEDAMOS, INC.",754 Melrose Avenue,Bronx,NY,10451,2/18/22,Paid in Full,62000,62000,62000,Loan Source Incorporated,Y,Existing or more than 2 years old,5,713990,Y,Corporation,62783.07,8/17/21
448600,2322457307,BRONX BROOK FOODS INC,513 E 138th St,Bronx,NY,10454,9/15/21,Paid in Full,61700,61700,61700,Live Oak Banking Company,Y,Existing or more than 2 years old,9,722513,Y,Corporation,62479.28,8/4/21
449052,4102628510,119 LOLY RESTAURANT,119 E Mount Eden Ave # STR2,Bronx,NY,10452-5804,3/18/22,Paid in Full,61425,61425,61425,"JPMorgan Chase Bank, National Association",Y,Existing or more than 2 years old,5,722511,Y,Limited  Liability Company(LLC),62006.9,2/10/22
449094,4208777206,NEW YORK  CITY ELECTRIC INC,435 Austin place Suite D,Bronx,NY,10455,5/18/21,Paid in Full,61400,61400,61400,"Citibank, N.A.",Y,Existing or more than 2 years old,5,238210,Y,Subchapter S Corporation,61995.24,4/26/21
450075,5452147201,CMC DEVELOPMENT GROUP LLC,749 E. 135th Street,Bronx,NY,10454,5/18/21,Paid in Full,60876.87,60876.87,60876.87,Orange Bank & Trust Company,Y,Existing or more than 2 years old,8,531210,Y,Limited  Liability Company(LLC),61473.8,4/23/21
451983,3649128904,THRIFTLAND USA INC.,110 E 153rd St,Bronx,NY,10451-5230,12/18/21,Paid in Full,59987,59987,59987,"JPMorgan Chase Bank, National Association",Y,Existing or more than 2 years old,15,453310,N,Subchapter S Corporation,60289.1,11/2/21
453374,2405947405,ANYELISA REST. CORP.,28 E 167th St,Bronx,NY,10452-8201,9/21/21,Paid in Full,59175,59175,59175,Ponce Bank,Y,Existing or more than 2 years old,11,722511,Y,Corporation,59925.63,8/18/21
453521,9541527709,"THE FIEDLER COMPANIES, INC.",408 E 134th St,Bronx,NY,10454-4502,7/20/21,Paid in Full,59100,59100,59100,"Newtek Small Business Finance, Inc.",Y,Existing or more than 2 years old,5,238160,Y,Subchapter S Corporation,59707.42,6/11/21
454094,3406868800,ESPERANZA SUPERMARKET LLC,107 Featherbed Ln,Bronx,NY,10452-1615,2/18/22,Paid in Full,58788.2,58788.2,58788.2,Loan Source Incorporated,Y,Existing or more than 2 years old,15,445110,Y,Limited  Liability Company(LLC),59179.58,12/14/21
456084,1416197700,DIVINE MOVING &AMP; STORAGE LTD,550 BARRY STREET,Bronx,NY,10474,3/3/21,Paid in Full,57708,57707.5,57707.5,"JPMorgan Chase Bank, National Association",Y,Existing or more than 2 years old,10,484210,Y,Corporation,58068.81,12/18/20
456730,9543037207,"RAY'S PHARMACY, INC.",423 E. 138th Street,Bronx,NY,10454,1/19/22,Paid in Full,57435,57435,57435,"Spencer Savings Bank, SLA",Y,Existing or more than 2 years old,7,446110,Y,Corporation,57904.05,2/24/21
459789,6829397702,PVR DRUGS INC,567 courtlandt ave,Bronx,NY,10451,6/15/21,Paid in Full,55900,55900,55900,"Citibank, N.A.",Y,Existing or more than 2 years old,8,446110,Y,Corporation,56449.68,4/29/21
462158,1100769102,NEW V & B POWER CORP,674 Hunts Point Ave,Bronx,NY,10474-6507,1/20/22,Paid in Full,54871.82,54871.82,54871.82,Ponce Bank,Y,Existing or more than 2 years old,12,236118,Y,Corporation,55143.92,12/27/21
465758,6466047005,PHARMORE RX INC.,337 East 149th Street,Bronx,NY,10451,7/15/21,Paid in Full,53100,53100,53100,Live Oak Banking Company,Y,Existing or more than 2 years old,7,446110,Y,Corporation,53715.38,6/9/21
466472,5434487303,SKYWAY ROAD SERVICE CORP,629 Casanova Street,Bronx,NY,10474,10/22/21,Paid in Full,52775,52775,52775,"TD Bank, National Association",Y,Existing or more than 2 years old,6,811111,Y,Corporation,53491.86,9/10/21
466773,4136777304,WATER PLACE PHARMACY LLC,313 E 161ST STREET,Bronx,NY,10451,5/14/21,Paid in Full,52616,52616,52616,Valley National Bank,Y,Existing or more than 2 years old,8,446110,Y,Limited  Liability Company(LLC),53137.78,4/30/21
467524,9672577201,"GERARD PHARMACY, INC.",903 Gerard Avenue,Bronx,NY,10452,1/19/22,Paid in Full,52367.5,52367.5,52367.5,"Spencer Savings Bank, SLA",Y,Existing or more than 2 years old,7,446110,Y,Corporation,52795.17,2/24/21
467584,8316087402,CONCOURSE PEDIATRICS P.C.,1001 Grand Concourse Apt 1E,Bronx,NY,10452,7/20/21,Paid in Full,52340,52340,52340,Popular Bank,Y,Existing or more than 2 years old,6,621111,Y,Subchapter S Corporation,52886.66,6/3/21
468277,9516377209,"GARDEN PHARMACY, INC",273 East 149th Street,Bronx,NY,10451,1/19/22,Paid in Full,52025,52025,52025,"Spencer Savings Bank, SLA",Y,Existing or more than 2 years old,7,446110,Y,Corporation,52449.87,2/24/21
469453,9240217303,FAIRFIELD REFRIGERATION AND COOLING EQUIPMENT,147 Lincoln Ave 3B,Bronx,NY,10454,3/23/22,Paid in Full,51534,51534,51534,Cross River Bank,Y,Existing or more than 2 years old,11,238220,Y,Sole Proprietorship,52402.31,1/19/22
469865,5440707402,170TH ST AUTO MECHANIC SHOP INC,25 West 170 St,Bronx,NY,10452,5/22/21,Paid in Full,51360,51360,51360,Popular Bank,Y,Existing or more than 2 years old,10,811121,Y,Corporation,51847.92,4/28/21
470781,6323467800,1187 T&J FOOD CORP,1187 JEROME AVENUE,Bronx,NY,10452,2/24/21,Paid in Full,50950,50950,50950,Popular Bank,Y,Existing or more than 2 years old,11,445110,Y,Corporation,51258.53,1/8/21
471429,4138317702,BB PAINT DISTRIBUTORS INC-SBA SMALL 7A TERM,740 SOUTHERN BLVD,Bronx,NY,10455,6/30/21,Paid in Full,50660,50660,50660,"TD Bank, National Association",Y,Existing or more than 2 years old,5,424950,Y,Subchapter S Corporation,51046.97,3/22/21
472480,4378757704,"MATTE GRAPHICS , LLC",225 Bruckner Blvd,Bronx,NY,10454,11/23/21,Paid in Full,50185.3,50185,50185,"TD Bank, National Association",Y,Existing or more than 2 years old,5,541430,Y,Limited  Liability Company(LLC),50928.02,10/22/21
472586,9300877403,PROSPECT SUPERMARKET OF NY INC,795 Prospect Av.,Bronx,NY,10455,11/23/21,Paid in Full,50107,50107,50107,"TD Bank, National Association",Y,Existing or more than 2 years old,11,445110,Y,Corporation,50837.73,10/28/21
474981,3391567706,THE EVERGREEN ASSOCIATION INC-SBA SMALL 7A TERM,344 East 149th St.,Bronx,NY,10451,6/30/21,Paid in Full,49414,49414,49414,"TD Bank, National Association",Y,Existing or more than 2 years old,5,NULL,Y,Sole Proprietorship,49913.63,5/6/21
475271,2946488310,COALITION ON POSITIVE HEALTH EMPOWERMENT,790 Concourse Vlg W Apt 19A,Bronx,NY,10451-3803,7/21/21,Paid in Full,49297,49297,49297,"Grow America Fund, Incorporated",Y,Existing or more than 2 years old,5,525120,N,501(c)3 – Non Profit,49490.08,6/14/21
475851,2158667308,LCS RESTORATION CORP,725 East 135th Street,Bronx,NY,10454,11/19/21,Paid in Full,49050,49050,49050,"Santander Bank, National Association",Y,Existing or more than 2 years old,7,238990,Y,Corporation,49747.45,10/6/21
477844,6165918009,614 MELROSE RESTAURANT CORP,614 Melrose Ave,Bronx,NY,10455-2627,4/19/22,Paid in Full,48210,48210,48210,Popular Bank,Y,Existing or more than 2 years old,12,722511,Y,Corporation,48654.67,8/18/21
481734,7142857707,"JOHN KLAUDER PIPE ORGAN SERVICE, INC.",1020 Grand Concourse Apt 12 - J,Bronx,NY,10451,3/19/21,Paid in Full,46700,46700,46700,"Citibank, N.A.",Y,Existing or more than 2 years old,5,811490,Y,Corporation,47048.95,2/9/21
483078,4632448501,M & A USA CORP,1307 Edward L Grant Hwy,Bronx,NY,10452-3145,12/14/21,Paid in Full,46157,46157,46157,Itria Ventures LLC,Y,Existing or more than 2 years old,11,236116,Y,Corporation,46487.79,11/16/21
484109,9859627105,NEW YORK BOTTLING CO INC.,626 Whittier Street,Bronx,NY,10474,8/18/21,Paid in Full,345000,45750.11,45750.11,Hanover Community Bank,Y,Existing or more than 2 years old,35,312111,Y,Corporation,46319.44,7/27/21
484991,7078417709,SPOILED ROTTEN USA,605 east 132nd street,Bronx,NY,10454,7/16/21,Paid in Full,45400,45400,45400,"Citibank, N.A.",Y,Existing or more than 2 years old,10,315240,Y,Subchapter S Corporation,45888.05,6/2/21
485122,4239417707,ALBATROSS FISH CORP-SBA SMALL 7A TERM,800 Food Center Drive unit 93,Bronx,NY,10474,6/30/21,Paid in Full,45352,45352,45352,"TD Bank, National Association",Y,Existing or more than 2 years old,5,445220,Y,Corporation,45786.62,4/15/21
485143,5889198901,J HARDWARE DISTRIBUTOR CORP,2800 3rd Ave,Bronx,NY,10455-4023,10/21/21,Paid in Full,45340,45340,45340,"JPMorgan Chase Bank, National Association",Y,Existing or more than 2 years old,5,423710,Y,Corporation,45504.16,9/15/21
485293,9913667108,BLOCK STUDIO INC.,480 Austin Pl Building A,Bronx,NY,10455-5023,8/10/21,Paid in Full,71445,45300,45300,Celtic Bank Corporation,Y,Existing or more than 2 years old,5,236118,Y,Subchapter S Corporation,45848.56,7/14/21
488059,1538587305,138 PETROLEUM LLC,115 E 138th St,Bronx,NY,10451,11/19/21,Paid in Full,44400,44400,44400,"Capital One, National Association",Y,Existing or more than 2 years old,11,722513,N,Limited  Liability Company(LLC),45035.17,10/12/21
489117,8187467205,CHURCH OF CHRIST THE KING,141 Marcy Pl,Bronx,NY,10452-7402,2/18/22,Paid in Full,44000,44000,44000,Loan Source Incorporated,Y,Existing or more than 2 years old,6,813110,Y,Corporation,44452.05,5/26/21
489423,8534147307,ULTIMATECH CAR WASH EQUIPMENT CORP,525 Tiffany Street,Bronx,NY,10474,3/18/22,Paid in Full,43870,43870,43870,Customers Bank,Y,Existing or more than 2 years old,13,333249,Y,Corporation,44574.32,12/9/21
497896,4794817305,LOTUS JACKSON AVE GAS CORP,250 Jackson Avenue,Bronx,NY,10454,11/18/21,Paid in Full,41500,41500,41500,"Capital One, National Association",Y,Existing or more than 2 years old,5,447110,Y,Corporation,42100.6,10/15/21
498137,4252737300,MEDICAL MISSION HEALTH CARE PC,489 Brook Avenue,Bronx,NY,10455,12/1/21,Paid in Full,41410,41410,41410,WebBank,Y,Existing or more than 2 years old,6,621112,Y,Corporation,42021.95,10/15/21
498546,5857637204,S&H BONDI'S DEPT. STORE INC.,1412 Jerome Ave,Bronx,NY,10452-3306,8/10/21,Paid in Full,41259.5,41259.5,41259.5,Ponce Bank,Y,Existing or more than 2 years old,10,452210,Y,Corporation,41759.14,7/22/21
500440,6058857307,CUDLEYS TRAINING PROGRAM,391 East 149th street suite 521,Bronx,NY,10455,3/18/22,Paid in Full,40635,40635,40635,Customers Bank,Y,Existing or more than 2 years old,6,611519,Y,Limited  Liability Company(LLC),41312.99,1/12/22
502422,2666517305,1317 FLEET FUEL INC,1317 Oak Point Avenue,Bronx,NY,10474,6/19/21,Paid in Full,40000,40000,40000,Signature Bank,Y,Existing or more than 2 years old,6,424720,Y,Corporation,40398.9,5/5/21
502928,9158167204,MANS LAUNDROMAT INC,675 Morris Avenue,Bronx,NY,10451,5/15/21,Paid in Full,39982,39982,39982,Celtic Bank Corporation,Y,Existing or more than 2 years old,7,621111,Y,Corporation,40381.82,4/30/21
502959,4245178710,V&P USED PALLET INC,650 Longfellow Ave,Bronx,NY,10474-6509,10/20/21,Paid in Full,39962,39962,39962,"TD Bank, National Association",Y,Existing or more than 2 years old,11,321920,Y,Subchapter S Corporation,40140.72,9/15/21
503424,7099527303,"CAPS UNLIMITED, INC.",16 East 170th Street,Bronx,NY,10452,7/17/21,Paid in Full,39800,39800,39800,"Capital One, National Association",Y,Existing or more than 2 years old,11,448150,Y,Corporation,40236.69,6/22/21
504170,8250007309,R&L SUNSET PRODUCE CORP.,1165 Garrison Ave,Bronx,NY,10474,6/19/21,Paid in Full,39555,39555,39555,WebBank,Y,Existing or more than 2 years old,6,445230,Y,Corporation,39982.41,5/26/21
506024,8411678407,TEAMWORK FDN INC,478 Gerard Ave,Bronx,NY,10451-5339,11/19/21,Paid in Full,38927,38927,38927,"JPMorgan Chase Bank, National Association",Y,Existing or more than 2 years old,9,713990,Y,501(c)3 – Non Profit,39187.68,10/22/21
506644,4396617309,"INDOOR REMEDIATION SERVICES, LLC",301 Walton Avenue,Bronx,NY,10451-5483,6/6/20,Paid in Full,38743,38743,38743,Carver Federal Savings Bank,Y,Existing or more than 2 years old,6,562910,Y,Limited  Liability Company(LLC),39291.86,9/29/21
508694,3995607205,"RICHARD L. GIAMPA, ESQ, P.C.","860 Grand Concourse, Suite 1H",Bronx,NY,10451,2/18/22,Paid in Full,38100,38100,38100,Loan Source Incorporated,Y,Existing or more than 2 years old,5,541110,Y,Corporation,38534.24,6/29/21
510371,5861387204,COSMOS SEAFOOD,550 Casanova St,Bronx,NY,10474-6712,9/23/21,Paid in Full,37592.5,37592.5,37592.5,Ponce Bank,Y,Existing or more than 2 years old,7,424460,Y,Subchapter S Corporation,38085.84,8/30/21
513342,2686578806,CARLOS GATES AND IRON WORKS INC.,474 E 146th St,Bronx,NY,10455-4134,2/18/22,Paid in Full,36880,36880,36880,"JPMorgan Chase Bank, National Association",Y,Existing or more than 2 years old,5,812990,Y,Subchapter S Corporation,37138.02,12/28/21
514465,3372808402,DECOFULL MILLWORK INC,432 Austin Pl,Bronx,NY,10455-5006,9/25/21,Paid in Full,36529,36529,36529,"Transportation Alliance Bank, Inc. d/b/a TAB Bank",Y,Existing or more than 2 years old,5,238350,Y,Corporation,36702.51,8/2/21
514586,4869837208,SS PHARMA INC.,"39-41 E 170 Street, #41",Bronx,NY,10452,7/15/21,Paid in Full,36500,36500,36500,Live Oak Banking Company,Y,Existing or more than 2 years old,6,446110,Y,Corporation,36907,6/10/21
514647,1881648107,CAREPOINT PHARMACY CORP,888 Hunts point ave,Bronx,NY,10474,4/23/21,Paid in Full,36497,36497,36497,"TD Bank, National Association",Y,Existing or more than 2 years old,5,561990,Y,Corporation,36742.34,3/22/21
517170,2422087703,MAC E86 LLC,435 Longfellow Ave,Bronx,NY,10474,8/20/21,Paid in Full,35743,35742.5,35742.5,"JPMorgan Chase Bank, National Association",Y,Existing or more than 2 years old,5,999990,Y,Limited  Liability Company(LLC),36176.45,7/22/21
519561,1204277208,CROTONA PARK HOUSING LP,1325 LAFAYETTE AVE BSMT 1,Bronx,NY,10474,1/22/21,Paid in Full,35035,35035,35035,"TD Bank, National Association",Y,Existing or more than 2 years old,9,531311,Y,Partnership,35257.86,12/9/20
520317,1758747710,"MISS GRIMBLE ASSOCIATES, INC.",909 E 135th St,Bronx,NY,10454,4/22/21,Paid in Full,34960,34960,34960,"JPMorgan Chase Bank, National Association",Y,Existing or more than 2 years old,5,311812,Y,Corporation,35270.25,3/24/21
521714,3702107401,"228 WILLIS AVENUE FOODS, LLC",228 Willis Avenue,Bronx,NY,10454,3/23/22,Paid in Full,34544,34544,34544,Cross River Bank,Y,Existing or more than 2 years old,8,722513,Y,Limited  Liability Company(LLC),35057.9,11/17/21
523183,8257118306,WILLIS CARE PHARMACY INC,208 Willis Ave,Bronx,NY,10454-4844,10/9/21,Paid in Full,34152,34152,34152,Manufacturers and Traders Trust Company,Y,Existing or more than 2 years old,5,446110,Y,Corporation,34337.26,8/26/21
528581,4087347209,"SOUTHERN BLVD. DEPOT, INC",748 Southern Blvd.,Bronx,NY,10455-2106,9/29/21,Paid in Full,32670,32670,32670,Popular Bank,Y,Existing or more than 2 years old,5,722330,Y,Sole Proprietorship,33093.8,8/16/21
532339,1573627310,J&L YANKEE INC.,72 East 161 Street,Bronx,NY,10451,4/17/21,Paid in Full,31790,31790,31790,"Santander Bank, National Association",Y,Existing or more than 2 years old,8,722511,Y,Corporation,32048.67,3/1/21
533422,1404347308,"ONE STOP LIVE MARKET, INC.",1230 Jerome Ave.,Bronx,NY,10452,2/19/22,Paid in Full,31500,31500,31500,Loan Source Incorporated,Y,Existing or more than 2 years old,5,446191,Y,Corporation,31852.11,6/24/21
533426,1504497206,NETWORK SUPPORT SERVICES INC.,555 bergen ave,Bronx,NY,10455-1368,4/19/22,Paid in Full,31500,31500,31500,New York Business Development Corporation,Y,Existing or more than 2 years old,7,923120,Y,Non-Profit Organization,31892.67,7/23/21
534374,3099568509,ECONOMY REFRIGERATION CORP,1234 Randall Ave,Bronx,NY,10474-6308,4/20/22,Paid in Full,31272,31272,31272,"JPMorgan Chase Bank, National Association",Y,Existing or more than 2 years old,5,423740,Y,Corporation,31605.71,3/24/22
534934,2050447800,MADE IN PR LATIN CUISINE & SPORTS BAR CORP,26 Bruckner Blvd,Bronx,NY,10454,9/25/21,Paid in Full,31200,31200,31200,"Capital One, National Association",Y,Existing or more than 2 years old,10,722511,Y,Subchapter S Corporation,31583.07,8/19/21
535047,9004508301,ONE STOP PHARMACY CORPORATION,176 E 161st St,Bronx,NY,10451-3508,3/19/22,Paid in Full,31200,31200,31200,Bank of Hope,Y,Existing or more than 2 years old,5,446110,Y,Corporation,31510.29,2/8/22
538424,6207057406,846 GROCERY CORP,846 Gerard Avenue,Bronx,NY,10451,7/14/21,Paid in Full,30337,30337,30337,Celtic Bank Corporation,Y,Existing or more than 2 years old,6,721199,Y,Corporation,30671.95,6/22/21
538613,7686927201,NOSOTROS HOUSING DEVELOPMENT FUND CORPORATION,"1465 Nelson Avenue,",Bronx,NY,10452,2/18/22,Paid in Full,30300,30300,30300,Loan Source Incorporated,Y,Existing or more than 2 years old,5,531110,Y,Corporation,30681.03,8/16/21
542119,5341897407,ARMANI PALLETS LLC,1173 Worthen ST,Bronx,NY,10474,10/21/21,Paid in Full,29668,29668,29668,"TD Bank, National Association",Y,Existing or more than 2 years old,5,484220,Y,Limited  Liability Company(LLC),30068.52,9/13/21
542942,4671927401,CRYSTAL-SMITH LLC,199 Lincoln Avenue Suite 203,Bronx,NY,10454,7/14/21,Paid in Full,29492,29492,29492,WebBank,Y,Existing or more than 2 years old,5,423220,Y,Limited  Liability Company(LLC),29826.24,6/28/21
545074,7550317305,NYC TRUCKING CORP,532 Bryant Ave,Bronx,NY,10474-6924,3/31/21,Paid in Full,29138.7,29138.7,29138.7,Ponce Bank,Y,Existing or more than 2 years old,6,424480,Y,Corporation,29380.59,3/5/21
554760,1434427908,MYTAX2GO,605 East 138th Street,Bronx,NY,10454,11/20/21,Paid in Full,27079,27079,27079,"TD Bank, National Association",Y,Existing or more than 2 years old,5,541213,Y,Limited  Liability Company(LLC),27437.8,10/4/21
558038,3460287710,LONGFELLOW OWNERS LLC-SBA SMALL 7A TERM,1325 Lafayette Ave,Bronx,NY,10474,2/23/21,Paid in Full,26384,26384,26384,"TD Bank, National Association",Y,Existing or more than 2 years old,9,NULL,Y,Limited  Liability Company(LLC),26562.09,1/7/21
558938,6308787804,"LA NUEVA WIN HING RESTAURANT, INC.",40 E 167th St,Bronx,NY,10452-8207,2/2/22,Paid in Full,26200,26200,26200,New York Business Development Corporation,Y,Existing or more than 2 years old,6,722511,Y,Corporation,26451.23,6/1/21
559596,6053408505,BAY'S PIZZA INC,553 E 138th St,Bronx,NY,10454-3227,6/16/22,Paid in Full,26057,26057,26057,"JPMorgan Chase Bank, National Association",Y,Existing or more than 2 years old,6,722513,Y,Corporation,26374.07,5/25/22
562619,9839427107,BOYNTON WHEELER LP,1325 LAFAYETTE AVE BSMT 1,Bronx,NY,10474,12/19/20,Paid in Full,25482,25482,25482,"TD Bank, National Association",Y,Existing or more than 2 years old,10,531311,Y,Partnership,25632.06,11/27/20
563773,9449977309,132 VERMILEA CORP,437 Barreto Street,Bronx,NY,10474,3/23/22,Paid in Full,25213,25213,25213,Cross River Bank,N,Existing or more than 2 years old,6,484210,Y,Corporation,25638.51,1/19/22
567598,2287128106,CHRISTINA NAIL SPA INC,500 E 149th Street,Bronx,NY,10455-1359,3/19/22,Paid in Full,24743,24743,24743,"Kabbage, Inc.",Y,Existing or more than 2 years old,5,812113,Y,Corporation,25073.81,11/17/21
311,1714497106,S. KATZMAN PRODUCE INC,213 New York City Terminal Market 0.0,Bronx,NY,10474-7302,9/29/21,Paid in Full,6343100,6343100,6343100,"JPMorgan Chase Bank, National Association",N,Existing or more than 2 years old,348,424480,Y,Subchapter S Corporation,6427191.89,8/11/21
716,7941677109,PUBLIC PREP CHARTER SCHOOL ACADEMIES,192 E 151st St,Bronx,NY,10451-5292,6/24/21,Paid in Full,4301000,4301000,4301000,"CRF Small Business Loan Company, LLC",Y,Existing or more than 2 years old,308,611110,Y,Non-Profit Organization,4350255.29,6/17/21
1220,1383507101,NATHEL & NATHEL INC,357 Row C NYC Terminal Market 0.0,Bronx,NY,10474-1255,10/20/21,Paid in Full,3228537,3228537,3228537,"JPMorgan Chase Bank, National Association",N,Existing or more than 2 years old,158,424480,Y,Subchapter S Corporation,3274502.4,9/16/21
1332,5157628403,VIELE MANUFACTURING CORP,1340 Viele Ave,Bronx,NY,10474-7134,4/20/22,Paid in Full,3062640,3062640,3062640,"JPMorgan Chase Bank, National Association",Y,Existing or more than 2 years old,225,326199,Y,Sole Proprietorship,3000705.77,3/8/22
1796,1858807102,"EAST SIDE HOUSE, INC",337 Alexander Avenue 0.0,Bronx,NY,10454-1108,8/20/21,Paid in Full,2544217,2544217,2544217,"JPMorgan Chase Bank, National Association",Y,Existing or more than 2 years old,297,624229,Y,Non-Profit Organization,2577045.88,7/29/21
1892,6587308602,ALLIANCE HOME SERVICES INC,384 E 149th St Ste 600-612,Bronx,NY,10455-3908,4/20/22,Paid in Full,2458645,2458645,2458645,"JPMorgan Chase Bank, National Association",N,Existing or more than 2 years old,475,621610,Y,501(c)3 – Non Profit,2481534.98,3/2/22
3590,4765337108,"CIVETTA COUSINS JV, LLC",1100 East 156th Street 0.0,Bronx,NY,10474-6202,11/18/21,Paid in Full,2885370,1885370,1885370,"JPMorgan Chase Bank, National Association",Y,Existing or more than 2 years old,143,238990,Y,Limited  Liability Company(LLC),1913392.88,10/13/21
3606,9829168300,GARY PLASTIC PACKAGING CORP.,1340 Viele Ave,Bronx,NY,10474-7134,1/21/22,Paid in Full,1882725,1882725,1882725,"JPMorgan Chase Bank, National Association",Y,Existing or more than 2 years old,107,326199,Y,Subchapter S Corporation,1899330.63,12/23/21
4566,6085197207,"HUNTS POINT TERMINAL PRODUCE COOPERATIVE ASSOCIATION, INC",2A New York City Terminal Market,Bronx,NY,10474,7/20/21,Paid in Full,1631787,1631787,1631787,Signature Bank,N,Existing or more than 2 years old,105,445230,Y,Corporation,1649848.42,6/15/21
4672,1661297405,MOTT HAVEN ACADEMY CHARTER SCHOOL,170 Brown Place,Bronx,NY,10454-4140,7/7/21,Paid in Full,1608000,1608000,1608000,"immito, LLC",Y,Existing or more than 2 years old,100,611110,Y,Non-Profit Organization,1625732.67,6/15/21
4744,2936467707,CARDINAL HAYES HIGH SCHOOL,650 Grand Concourse,Bronx,NY,10451,11/18/21,Paid in Full,1594483,1594482.5,1594482.5,"JPMorgan Chase Bank, National Association",Y,Existing or more than 2 years old,106,611110,N,Professional Association,1606894.99,2/16/21
4976,5277017210,"FANCY FOODS, INC.",B12 HUNTS POINT COOP MARKET 0,Bronx,NY,10474-7500,8/17/21,Paid in Full,1543800,1543800,1543800,"Citibank, N.A.",N,Existing or more than 2 years old,98,424470,Y,Subchapter S Corporation,1562239.83,7/14/21
5962,1636507100,NEW VISIONS CHARTER HIGH SCHOOL FOR THE HUMANITIES II,455 Southern Blvd. 0.0,Bronx,NY,10455-4911,8/19/21,Paid in Full,1379215,1379215,1379215,"JPMorgan Chase Bank, National Association",Y,Existing or more than 2 years old,76,611110,Y,Non-Profit Organization,1395997.75,7/2/21
6727,1200527802,"RITE CHECK CASHING, INC.",715 E 138TH ST,Bronx,NY,10454-3307,4/20/21,Paid in Full,1266000,1266000,1266000,Fifth Third Bank,Y,Existing or more than 2 years old,109,522390,Y,Corporation,1056802.84,3/16/21
6740,5736098208,"LA CASA DE SALUD, INC",966 Prospect Ave,Bronx,NY,10455,2/19/22,Paid in Full,1591730,1263630,1263630,Popular Bank,N,Existing or more than 2 years old,88,623220,Y,Non-Profit Organization,1282057.94,1/28/22
7754,7394068807,RUBIN BROS. PRODUCE CORP.,147 New York City Term Mkt,Bronx,NY,10474-5572,3/18/22,Paid in Full,1145786,1145786,1145786,Signature Bank,N,Existing or more than 2 years old,55,424480,Y,Subchapter S Corporation,1155328.98,2/28/22
7842,6036537108,PAPER ENTERPRISES INC.,770 East 132 St. 0.0,Bronx,NY,10454-1904,6/23/21,Paid in Full,1135474.86,1135474.86,1135474.86,"JPMorgan Chase Bank, National Association",Y,Existing or more than 2 years old,88,424130,Y,Corporation,1147406.18,5/6/21
9580,9097437709,KING ROSE OF NY INC,375 East 163rd Street,Bronx,NY,10451,3/18/22,Paid in Full,974570,974570,974570,Customers Bank,Y,Existing or more than 2 years old,64,236220,Y,Corporation,989468.91,11/17/21
9695,6679907105,AKELA CONTRACTING LLC,732 Garrison Avenue 0.0,Bronx,NY,10474-1250,6/23/21,Paid in Full,966466.11,966465,966465,"JPMorgan Chase Bank, National Association",Y,Existing or more than 2 years old,42,237110,Y,Limited  Liability Company(LLC),976804.56,5/13/21
10620,1813918702,SHIBNAD LOGISTICS,3055 3rd Ave,Bronx,NY,10451-4857,10/19/21,Paid in Full,900674,900674,900674,Cross River Bank,Y,Existing or more than 2 years old,271,484110,N,Corporation,904523.46,9/7/21
10967,9133557207,MASTER PURVEYORS INC,355 FOOD CENTER DR STE B14,Bronx,NY,10474-7577,7/17/21,Paid in Full,879572,879572,879572,"HSBC Bank USA, National Association",Y,Existing or more than 2 years old,62,311611,Y,Subchapter S Corporation,889589.35,6/24/21
11207,4334098505,SOUTH BRONX COMMUNITY CHARTER HIGH SCHOOL,730 Concourse Vlg W,Bronx,NY,10451-3137,3/4/22,Paid in Full,862867,862867,862867,Amalgamated Bank,N,Existing or more than 2 years old,55,611110,N,501(c)3 – Non Profit,869769.94,12/15/21
11361,1520328600,A&H SECURITY SERVICES LLC,611 Jackson Ave,Bronx,NY,10455-3106,12/15/21,Paid in Full,2832300,853500,853500,"Newtek Small Business Finance, Inc.",Y,Existing or more than 2 years old,144,561612,Y,Limited  Liability Company(LLC),857483,11/24/21
12102,3692237204,DIEGO BEEKMAN MUTUAL HOUSING ASSOCIATION,298 Cypress Ave,Bronx,NY,10454-1500,2/10/21,Paid in Full,811548,811548,811548,"Grow America Fund, Incorporated",Y,Existing or more than 2 years old,91,624229,Y,Non-Profit Organization,817544.44,1/29/21
12956,7137667203,CASA REDIMIX CONCRETE CORP,886 Edgewater Road,Bronx,NY,10474-4906,6/24/21,Paid in Full,769300,769300,769300,Legacy Bank,Y,Existing or more than 2 years old,37,327320,Y,Subchapter S Corporation,777270.8,5/17/21
13371,6131077208,THE NEW FULTON FISH MARKET COOPERATIVE AT HUNTS POINT,"800 Food Center Drive, 65B",Bronx,NY,10474-0057,8/14/21,Paid in Full,750795,750795,750795,"HSBC Bank USA, National Association",N,Existing or more than 2 years old,49,531120,Y,Non-Profit Organization,759595.99,7/7/21
13704,5852657200,CEC ELEVATOR CAB CORP.,540 Manida St,Bronx,NY,10474,8/11/21,Paid in Full,737000,737000,737000,"Capital One, National Association",Y,Existing or more than 2 years old,61,333921,Y,Subchapter S Corporation,746028.25,7/27/21
14293,9895637203,INTERIOR DESIGN FLOORING CORPORATION,251 EAST137TH STREET,Bronx,NY,10451,12/18/21,Paid in Full,711975,711975,711975,"Santander Bank, National Association",N,Existing or more than 2 years old,49,238330,Y,Corporation,722664.38,11/4/21
14991,9414178410,FOODFEST DEPOT LLC,500 E 132nd St,Bronx,NY,10454-4619,2/19/22,Paid in Full,684790,684790,684790,Loan Source Incorporated,Y,Existing or more than 2 years old,118,424410,Y,Limited  Liability Company(LLC),690981.25,1/19/22
15360,2083967309,MID BRONX CCRP EARLY CHILDHOOD CENTER INC.,900 Grand Concourse,Bronx,NY,10451,2/18/22,Paid in Full,670300,670300,670300,Loan Source Incorporated,Y,Existing or more than 2 years old,110,624410,Y,Corporation,679261.82,9/14/21
15504,9134157207,HIGHBRIDGE COMMUNITY DEVELOPMENT CORPORATION,"1465 Nelson Avenue, Suite A",Bronx,NY,10452,2/18/22,Paid in Full,665000,665000,665000,Loan Source Incorporated,Y,Existing or more than 2 years old,60,721110,Y,Corporation,673435.48,8/19/21
15572,3704117201,TRABAJAMOS COMMUNITY HEAD START INC.,940 East 156th Street,Bronx,NY,10452,4/24/21,Paid in Full,662290,662290,662290,Popular Bank,N,Existing or more than 2 years old,153,624410,Y,Non-Profit Organization,667422.75,2/11/21
16051,6152767300,BETTER FAMILIES INC.,1231 Lafayette Ave 2nd Floor,Bronx,NY,10474,4/29/21,Paid in Full,645900,645900,645900,"TD Bank, National Association",N,Existing or more than 2 years old,220,621610,Y,Corporation,655104.08,10/4/21
18254,8013907206,PAN-HELLENIC FOOD OF NY CORP.,442-444 NYC Terminal Market,Bronx,NY,10474,11/3/21,Paid in Full,578313.5,578313.5,578313.5,Alma Bank,N,Existing or more than 2 years old,42,424480,Y,Corporation,586029.63,9/7/21
18659,9132057110,PUBLIC PREPARATORY NETWORK,192 E 151st St,Bronx,NY,10451-5292,4/23/21,Paid in Full,567500,567500,567500,First Republic Bank,Y,Existing or more than 2 years old,32,611110,Y,Non-Profit Organization,572646.37,3/23/21
21053,6777337703,"NEWHAVEN DISTRIBUTION SERVICES, INC.",999 East 149th Street,Bronx,NY,10455,4/20/21,Paid in Full,510900,510900,510900,"Citibank, N.A.",Y,Existing or more than 2 years old,28,484121,Y,Subchapter S Corporation,503891.49,12/10/20
22095,5103598303,PREPAY WIRELESS INC,22 E Mount Eden Ave,Bronx,NY,10452-5803,11/11/21,Paid in Full,491522,491522,491522,"Transportation Alliance Bank, Inc. d/b/a TAB Bank",Y,Existing or more than 2 years old,44,423620,Y,Corporation,495112.84,10/26/21
22924,5813647303,MID-BRONX SENIOR CITIZENS COUNCIL INC.,900 Grand Concourse,Bronx,NY,10451,2/19/22,Paid in Full,475400,475400,475400,Loan Source Incorporated,Y,Existing or more than 2 years old,300,624120,Y,Corporation,481769.06,9/14/21
22944,4442007207,COOKIES ON MELROSE INC.,567 MELROSE AVE,Bronx,NY,10455,4/22/21,Paid in Full,475050,475050,475050,Popular Bank,Y,Existing or more than 2 years old,58,448130,Y,Corporation,478784.42,2/16/21
23702,9078417109,DISTINCTIVE MAINTENANCE PARTNERS LLC,742 Whittier St.,Bronx,NY,10474,8/20/21,Paid in Full,462150,462150,462150,Popular Bank,Y,Existing or more than 2 years old,41,531312,Y,Limited  Liability Company(LLC),467721.47,7/6/21
24558,9936417705,LOWER WEST SIDE HOUSEHOLD SERVICE CORPORATION,"460 Willis Ave,",Bronx,NY,10455-4013,6/11/22,Paid in Full,447900,447900,447900,"Newtek Small Business Finance, Inc.",Y,Existing or more than 2 years old,108,621610,Y,Non-Profit Organization,423875.9,2/8/22
24580,8743967204,"G&G SEAFOOD, INC",800 Food Center Drive Unit 36,Bronx,NY,10474,8/19/21,Paid in Full,447572,447572,447572,Valley National Bank,Y,Existing or more than 2 years old,18,424420,Y,Corporation,453017.46,7/26/21
25684,9151257204,ARNO SALES & MARKETING INC,Bldg B-12 Hunts Point Co-op Market,Bronx,NY,10474-7500,11/17/21,Paid in Full,429545,429545,429545,"HSBC Bank USA, National Association",N,Existing or more than 2 years old,26,311612,Y,Subchapter S Corporation,435654.08,10/15/21
25773,6090447204,"SNOW FRESH FOODS, INC",1245 RANDALL AVENUE,Bronx,NY,10474-6411,5/20/21,Paid in Full,428120,428120,428120,"HSBC Bank USA, National Association",Y,Existing or more than 2 years old,29,424480,Y,Subchapter S Corporation,432080.11,4/15/21
25895,9511157203,COLOR CARTON CORPORATION,341 Canal Place,Bronx,NY,10451,3/19/21,Paid in Full,426500,426500,426500,"Capital One, National Association",Y,Existing or more than 2 years old,52,322212,Y,Subchapter S Corporation,429675.06,2/11/21
26411,9806487205,"BERMUDA MOTOR CAR RENTING CO., INC.",655 east 132 street,Bronx,NY,10454,1/20/22,Paid in Full,419200,419200,419200,"Capital One, National Association",Y,Existing or more than 2 years old,75,485999,Y,Subchapter S Corporation,425848.98,12/6/21
26415,1901827300,HOLY CROSS PAROCHIAL ELEMENTARY SCHOOL,1846 Randall Ave,Bronx,NY,10451,2/18/22,Paid in Full,419100,419100,419100,Loan Source Incorporated,N,Existing or more than 2 years old,43,611110,Y,Corporation,424289.95,8/9/21
28458,2952227705,YULA CORPORATION,330 Bryant Avenue,Bronx,NY,10474,3/23/21,Paid in Full,391407,391407,391407,"JPMorgan Chase Bank, National Association",Y,Existing or more than 2 years old,24,332410,Y,Corporation,383784.65,12/17/20
29600,4777057300,BROADWAY MINERVA CLEANERS LLC,780 East 134 Street,Bronx,NY,10454,6/30/21,Paid in Full,377155,377155,377155,"TD Bank, National Association",Y,Existing or more than 2 years old,49,812332,Y,Corporation,381094.17,5/12/21
30605,5313607404,GENIUS THERAPY LLC,860 Melrose Avenue,Bronx,NY,10451,6/23/21,Paid in Full,365197.5,365197.5,365197.5,American Express National Bank,Y,Existing or more than 2 years old,50,541990,Y,Limited  Liability Company(LLC),368829.46,5/12/21
31980,3464397400,"CHILD &AMP; FAMILY SUPPORT SERVICES, INC.",840 Grand Concourse,Bronx,NY,10451-2914,4/19/22,Paid in Full,350000,350000,350000,New York Business Development Corporation,N,Existing or more than 2 years old,74,624110,Y,Non-Profit Organization,354228.77,8/2/21
32399,6833257709,RELISH BD LLC,2501 3rd Ave,Bronx,NY,10451,9/24/21,Paid in Full,346600,346600,346600,"Citibank, N.A.",Y,Existing or more than 2 years old,32,NULL,Y,Limited  Liability Company(LLC),350922.87,8/5/21
33202,4401127800,EMBLAZE ACADEMY CHARTER SCHOOL,1164 Garrison Avenue,Bronx,NY,10474-4607,7/14/21,Paid in Full,338725,338725,338725,WebBank,Y,Existing or more than 2 years old,28,611110,Y,Non-Profit Organization,342225.16,6/9/21
33327,4187637700,MONTES SEAFOOD EMPORIUM INC-SBA SMALL 7A TERM,800 Food Center Drive,Bronx,NY,10474,7/22/21,Paid in Full,337440,337440,337440,"TD Bank, National Association",Y,Existing or more than 2 years old,26,445220,Y,Corporation,341208.08,6/11/21
33672,9936487203,ROMAN CATHOLIC CHURCH OF SAINT ANSELM AND SAINT ROCH,685 Tinton Avenue,Bronx,NY,10455,2/19/22,Paid in Full,334100,334100,334100,Loan Source Incorporated,Y,Existing or more than 2 years old,52,813110,Y,Corporation,337642.38,6/1/21
34220,9278197207,TONY'S FISH AND SEAFOOD CORP.,Bldg A-1 Hunts Point Co-op Market,Bronx,NY,10474-1252,3/18/21,Paid in Full,329595,329595,329595,"HSBC Bank USA, National Association",N,Existing or more than 2 years old,19,424460,Y,Subchapter S Corporation,332030.34,2/2/21
35449,9430187308,YATES RESTORATION GROUP LTD,36 Bruckner Blvd,Bronx,NY,10454,9/23/21,Paid in Full,318877,318877,318877,WebBank,Y,Existing or more than 2 years old,24,236115,Y,Subchapter S Corporation,323048.97,8/19/21
35577,6347637100,LUMIODE INC,2417 3rd Ave Suite 600,Bronx,NY,10451,6/23/21,Paid in Full,317585,317585,317585,Silicon Valley Bank,Y,Existing or more than 2 years old,12,541715,Y,Corporation,321051.97,5/21/21
36842,4465647203,LEARDON BOILER WORKS INC,479 Walton Ave,Bronx,NY,10451,3/9/22,Paid in Full,307300,307300,307300,Fountainhead SBF LLC,Y,Existing or more than 2 years old,18,238220,Y,Subchapter S Corporation,311004.67,7/21/21
38164,3537298806,FATU&DAUGHTER INTERNATIONAL LLC,1314 Merriam Ave Apt 1B,Bronx,NY,10452-2612,3/18/22,Paid in Full,298002,298002,298002,"JPMorgan Chase Bank, National Association",Y,Existing or more than 2 years old,19,448140,Y,Corporation,300343.42,2/3/22
38267,5197298405,EDOKIA INC,749 E 135th St,Bronx,NY,10454-3408,2/25/22,Paid in Full,297479.17,297479.17,297479.17,New York University FCU,Y,Existing or more than 2 years old,16,511130,Y,Limited  Liability Company(LLC),299158.09,9/7/21
40668,1181617308,"PLATINUM MILLWORKS, INC.",312 Walnut Ave,Bronx,NY,10454,7/21/21,Paid in Full,279385,279385,279385,Signature Bank,Y,Existing or more than 2 years old,18,238990,Y,Subchapter S Corporation,282553.91,6/24/21
40924,4504137207,E.S.B. ELECTRIC CORP,"250 Walton Avenue, suite 2S",Bronx,NY,10451,3/9/22,Paid in Full,277600,277600,277600,Fountainhead SBF LLC,Y,Existing or more than 2 years old,25,238210,Y,Subchapter S Corporation,281108.56,8/12/21
41189,1185197702,METRO LUXURY INC.,625 E 137th St,Bronx,NY,10454,11/18/21,Paid in Full,275940,275940,275940,"JPMorgan Chase Bank, National Association",Y,Existing or more than 2 years old,47,485320,Y,Corporation,279973.78,10/21/21
42080,5282077309,IMPERIAL DAMPER AND LOUVER CO INC,907 East 141st Street,Bronx,NY,10454,6/4/21,Paid in Full,270353,270353,270353,Republic First Bank d/b/a Republic Bank,Y,Existing or more than 2 years old,19,332322,Y,Corporation,272893.58,5/5/21
43494,9571167110,"COMMUNITY CONNECTIONS FOR YOUTH, INC.",369 E 149th St Fl 7,Bronx,NY,10455-3906,3/23/21,Paid in Full,261600,261600,261600,"CRF Small Business Loan Company, LLC",Y,Existing or more than 2 years old,15,624110,Y,Non-Profit Organization,263857.64,3/9/21
43513,3697567110,LD LOGISTICS LLC,"125 A Row A,NYC Terminal Marker",Bronx,NY,10474,7/14/21,Paid in Full,261452,261452,261452,Cross River Bank,N,Existing or more than 2 years old,12,541614,Y,Limited  Liability Company(LLC),264460.49,6/15/21
43906,1300997310,"DUFOUR PASTRY KITCHENS, INC.",251 Locust Avenue,Bronx,NY,10454,7/20/21,Paid in Full,259100,259100,259100,Signature Bank,Y,Existing or more than 2 years old,29,424420,Y,Subchapter S Corporation,261946.55,6/14/21
45003,4363448208,BROTHERS BOAT CLEANING SERVICES CORP.,396 E. 155th Street,Bronx,NY,10455-1104,5/14/22,Paid in Full,252500,252500,252500,New York Business Development Corporation,Y,Existing or more than 2 years old,25,713930,Y,Corporation,255357.05,10/6/21
46734,9893307205,HIGHBRIDGE COMMUNITY HOUSING DEVELOPMENT FUND CORPORATION,1465 Nelson Avenue,Bronx,NY,10452,2/19/22,Paid in Full,244400,244400,244400,Loan Source Incorporated,Y,Existing or more than 2 years old,38,531110,Y,Corporation,247500.2,8/19/21
46981,6884587104,"TWI-LAQ INDUSTRIES, INC.",1345 Seneca Ave,Bronx,NY,10474,6/16/21,Paid in Full,243000,243000,243000,Customers Bank,Y,Existing or more than 2 years old,25,453998,Y,Sole Proprietorship,245350.11,5/17/21
47765,3323917702,REPUBLIC SCAFFOLD AND HOIST CORP-SBA SMALL 7A TERM,420 Manida Street,Bronx,NY,10474,9/29/21,Paid in Full,239078,239078,239078,"TD Bank, National Association",Y,Existing or more than 2 years old,20,238990,Y,Corporation,242099.68,8/5/21
49473,1759527705,"FRESH START PRODUCE, LLC",641 Timpson Pl,Bronx,NY,10455,5/21/21,Paid in Full,230642,230642,230642,"JPMorgan Chase Bank, National Association",Y,Existing or more than 2 years old,33,445230,Y,Limited  Liability Company(LLC),232776.72,4/8/21
51635,7839677200,3CS  BLESSING INC,15 E 167th St,Bronx,NY,10452-8224,5/21/21,Paid in Full,221030,221030,221030,"Grow America Fund, Incorporated",Y,Existing or more than 2 years old,48,722513,Y,Corporation,223025.41,3/31/21
52318,1269777304,REYES PRODUCE CORP,540 Faile Street,Bronx,NY,10474,9/28/21,Paid in Full,218016,218016,218016,Signature Bank,Y,Existing or more than 2 years old,20,445230,Y,Subchapter S Corporation,220906.95,9/2/21
53273,3841718708,DON PANCHO DEVELOPMENT CORPORATION,2804 3rd Ave,Bronx,NY,10455-4000,5/22/21,Paid in Full,214000,214000,214000,Popular Bank,Y,Existing or more than 2 years old,19,531311,Y,501(c)3 – Non Profit,216389.67,5/23/22
53293,1905337205,BRONX CHILDRENS MUSEUM,PO BOX 1381,Bronx,NY,10451,9/29/21,Paid in Full,213930,213930,213930,"TD Bank, National Association",N,Existing or more than 2 years old,34,712110,N,Partnership,216746.75,8/11/21
55553,5352257409,"POFI CONSTRUCTION, CORP.",26 Bruckner Boulevard 4R,Bronx,NY,10454,10/19/21,Paid in Full,204600,204600,204600,Customers Bank,N,Existing or more than 2 years old,23,236118,Y,Corporation,207352.29,9/23/21
55579,7107527206,"MASTER MEAT PURVEYORS, INC.",355 food center drive Unit B-14,Bronx,NY,10474,5/21/21,Paid in Full,204495,204495,204495,Signature Bank,N,Existing or more than 2 years old,16,424470,Y,Subchapter S Corporation,206500.73,4/29/21
56184,5938757109,ADVERTISEMENT CARRIERS ENTERPRISES,1157 E 157th St,Bronx,NY,10474-0001,4/15/22,Paid in Full,202100,202100,202100,New York Business Development Corporation,N,Existing or more than 2 years old,12,492210,Y,Corporation,204929.4,9/17/21
56430,1934307805,"TRIBORO FIBERS, INC",891 East 135th Street,Bronx,NY,10454-3611,3/13/21,Paid in Full,201147,201147,201147,PCSB Bank,Y,Existing or more than 2 years old,19,562920,Y,Corporation,202728.24,3/9/21
57591,8727567202,"C & C BROS. OF NY, LLC",59 E 167 ST,Bronx,NY,10452,11/20/21,Paid in Full,197210,197210,197210,Popular Bank,Y,Existing or more than 2 years old,31,445110,Y,Limited  Liability Company(LLC),200190.06,11/4/21
57651,6154688605,SOUTH BRONX COMMUNITY MANAGEMENT COMPANY,2804 3rd Ave,Bronx,NY,10455-4000,6/16/22,Paid in Full,197000,197000,197000,Popular Bank,Y,Existing or more than 2 years old,16,531311,Y,501(c)3 – Non Profit,199336.64,5/26/22
58112,4212067110,REGAL FINISHING CORP.,789 E.139th st,Bronx,NY,10454,4/10/21,Paid in Full,280000,195300,195300,Customers Bank,Y,Existing or more than 2 years old,20,236118,Y,Corporation,196798.19,3/8/21
58164,2844717702,MONTAUK SEAFOOD CO. INC.,800 Food Center Drive,Bronx,NY,10474,10/21/21,Paid in Full,195100,195100,195100,"JPMorgan Chase Bank, National Association",Y,Existing or more than 2 years old,12,424460,Y,Corporation,197681.17,8/31/21
59163,7218947707,SAL'S METAL CORP.,900 Edgewater Avenue,Bronx,NY,10474,5/18/21,Paid in Full,191700,191700,191700,"Citibank, N.A.",N,Existing or more than 2 years old,20,423930,Y,Subchapter S Corporation,193393.35,4/8/21
59682,6349047409,BRONX IRON AND STEEL FABRICATORS INC,542 Barretto Street,Bronx,NY,10454,11/20/21,Paid in Full,189895,189895,189895,Celtic Bank Corporation,N,Existing or more than 2 years old,12,236115,Y,Corporation,192579.54,10/14/21
60698,8030688700,KANDYBAR BOUTIQUE,773 Concourse Vlg E Apt 15B,Bronx,NY,10451-3903,8/18/21,Paid in Full,186823,186823,186823,"Bank of America, National Association",Y,Existing or more than 2 years old,10,448120,N,Corporation,187355.32,7/21/21
60703,1024037710,"FEJOST, LLC",600a E 132nd St,Bronx,NY,10454,6/22/21,Paid in Full,186815,186815,186815,"JPMorgan Chase Bank, National Association",Y,Existing or more than 2 years old,14,485999,Y,Limited  Liability Company(LLC),188727.16,5/13/21
60882,5291168408,URBAN HEIGHTS MEDICAL P.C.,369 E 149th St Fl 9,Bronx,NY,10455-3902,2/18/22,Paid in Full,186157,186157,186157,Loan Source Incorporated,Y,Existing or more than 2 years old,9,621111,Y,Subchapter S Corporation,187437.15,10/27/21
60937,4542858502,RIVERDALE ELECTRICAL SERVICES,421 Bruckner Blvd,Bronx,NY,10455-5007,6/15/22,Paid in Full,185965,185965,185965,Loan Source Incorporated,Y,Existing or more than 2 years old,16,238210,Y,Corporation,188247.53,5/26/22
61468,1890208204,LERCO ELECTRIC LLC,370 east 146 st,Bronx,NY,10455,3/19/21,Paid in Full,184200,184200,184200,"Capital One, National Association",Y,Existing or more than 2 years old,15,238210,Y,Limited  Liability Company(LLC),185156.82,2/10/21
61812,7500647203,OZ PHARMA INC,322 East 149th Street,Bronx,NY,10451-5613,2/18/22,Paid in Full,183100,183100,183100,Loan Source Incorporated,Y,Existing or more than 2 years old,18,446110,Y,Corporation,184725.33,3/29/21
61938,4515817401,SUCCESS COUNSELING SERVICES INC,1015 Ogden Ave,Bronx,NY,10452-5104,8/10/21,Paid in Full,177197,182658,182658,Trenton Business Assistance Corporation,Y,Existing or more than 2 years old,12,621420,Y,Corporation,184719.78,7/14/21
64575,1387667307,BRONX JUNK CAR DEPOT LLC,1287 East Bay Ave,Bronx,NY,10474,10/19/21,Paid in Full,174692,174692,174692,Valley National Bank,Y,Existing or more than 2 years old,16,423930,Y,Corporation,177103.72,9/16/21
66630,3767777709,HIBACHI BUFFET CONCOURSE INC,216 161st Street,Bronx,NY,10451-3541,11/20/21,Paid in Full,168631,168631,168631,Celtic Bank Corporation,N,Existing or more than 2 years old,41,722513,N,Corporation,102232.92,8/23/21
66978,7139077109,NEW YORK RECYCLING LLC,475 Exterior Street,Bronx,NY,10451-2008,2/2/22,Paid in Full,224000,167600,167600,New York Business Development Corporation,Y,Existing or more than 2 years old,14,238910,Y,Limited  Liability Company(LLC),169510.18,6/15/21
67521,4320537204,ARMON PRODUCTS INC,626 Whittier Street,Bronx,NY,10474,10/16/21,Paid in Full,166125.65,166125.65,166125.65,Hanover Community Bank,Y,Existing or more than 2 years old,50,312111,Y,Corporation,168359.12,9/9/21
68737,2629217310,JESSE SHAPIRO AND JAMES GLASS CORP,601 Wales Ave,Bronx,NY,10455,6/16/21,Paid in Full,162747,162747,162747,Customers Bank,Y,Existing or more than 2 years old,12,238150,Y,Corporation,164370.01,5/11/21
69183,5691127203,AMERICAN CAR WASH SUPPLY INC.,315 Grand Concourse,Bronx,NY,10451,2/16/22,Paid in Full,161679.9,161679.9,161679.9,Provident Bank,Y,Existing or more than 2 years old,16,811192,Y,Subchapter S Corporation,163611.2,7/9/21
70975,9786097208,"M&R TOMATO DISTRIBUTORS, INC.",149-151 NYC Terminal Market,Bronx,NY,10474,9/28/21,Paid in Full,156971,156971,156971,Signature Bank,N,Existing or more than 2 years old,9,424480,Y,Corporation,158966.47,8/12/21
71052,3858607307,LIFT PRO INC.,439 Halleck Street,Bronx,NY,10474,4/17/21,Paid in Full,156749,156749,156749,"Santander Bank, National Association",Y,Existing or more than 2 years old,13,811310,Y,Corporation,158084.59,3/15/21
73424,2429337306,TOPKATZ BROKERS LLC,424 NYC Terminal Market,Bronx,NY,10474,5/20/22,Paid in Full,150500,150500,150500,Signature Bank,N,Existing or more than 2 years old,7,424410,Y,Limited  Liability Company(LLC),151945.54,5/3/21
73755,2771557308,BRUCKNER COLLISION LLC,511 Bruckner Blvd.,Bronx,NY,10455,7/20/21,Paid in Full,150000,150000,150000,Signature Bank,Y,Existing or more than 2 years old,13,811121,Y,Limited  Liability Company(LLC),151643.84,6/10/21
1784,7925888904,GLOBAL MD MULTI SERVICE INC,1421 Dr Martin L King Jr Blvd,Bronx,NY,10452-4069,10/21/21,Paid in Full,147117,147117,147117,"TD Bank, National Association",Y,Existing or more than 2 years old,18,452319,Y,Corporation,147631.91,9/17/21
2483,4263788404,GLOBAL ENTERPRISES SERVICES CORP,209 Grand Concourse,Bronx,NY,10451,11/3/21,Paid in Full,145832,145832,145832,Legacy Bank,Y,Existing or more than 2 years old,7,562111,Y,Corporation,146589.52,9/15/21
3964,7548288807,VEG-PAK DIST. CO. INC.,147 New York City Term Mkt,Bronx,NY,10474-5572,3/18/22,Paid in Full,143322,143322,143322,Signature Bank,Y,Existing or more than 2 years old,7,484121,Y,Subchapter S Corporation,144531.4,2/28/22
4420,7514087202,161 ST PHARMA INC,275 East 161 Street,Bronx,NY,10451-3504,2/18/22,Paid in Full,142500,142500,142500,Loan Source Incorporated,Y,Existing or more than 2 years old,11,446110,Y,Subchapter S Corporation,143870.34,4/22/21
4563,5252167202,GPJ O'DONOGHUE CONTRACTING CORP.,261 Grand Concourse,Bronx,NY,10451,2/18/22,Paid in Full,142200,142200,142200,Loan Source Incorporated,Y,Existing or more than 2 years old,10,236220,Y,Corporation,143894.71,7/21/21
7785,7787538404,SECURE RESOURCES & COMMUNICATIONS LLC,1120 Leggett Ave,Bronx,NY,10474-6232,7/15/22,Paid in Full,136455,136455,136455,Loan Source Incorporated,Y,Existing or more than 2 years old,35,561612,Y,Limited  Liability Company(LLC),138227.05,6/9/22
9387,7825867709,"SKY UP TAX MULTISERVICE, CORP",49 W 170th Street,Bronx,NY,10452,2/18/22,Paid in Full,133607,133607,133607,Cross River Bank,Y,Existing or more than 2 years old,9,541213,Y,Corporation,135825.24,1/4/22
10736,2247167302,HUNTS POINT SERVICE STATION INC,565 Hunts Point Ave,Bronx,NY,10474,5/21/21,Paid in Full,131153,131153,131153,Signature Bank,Y,Existing or more than 2 years old,10,811111,Y,Corporation,132389.07,4/16/21
11459,6348197308,LUCIDITY AWARDS AND SIGNAGE COPR,728 East 136th Street,Bronx,NY,10454,6/30/21,Paid in Full,130000,130000,130000,"TD Bank, National Association",Y,Existing or more than 2 years old,9,423940,Y,Corporation,131310.83,5/14/21
11589,1108647310,"N. PAGANO PLUMBING AND HEATING CONTRACTORS, INC.",370 E. 134th Street,Bronx,NY,10454,5/18/21,Paid in Full,129800,129800,129800,"Citibank, N.A.",Y,Existing or more than 2 years old,9,238220,Y,Subchapter S Corporation,130971.81,3/30/21
11653,1405137306,"INNOVA INTERIORS, INC.",780 E.134 St. 2 floor,Bronx,NY,10454,11/19/21,Paid in Full,129700,129700,129700,"Citibank, N.A.",Y,Existing or more than 2 years old,14,321999,Y,Subchapter S Corporation,131569.84,10/15/21
12355,4377457706,SA MF ENTERPRISES INC-SBA SMALL 7A TERM,541 Barretto Street,Bronx,NY,10474-6724,7/22/21,Paid in Full,131570,128500,128500,"TD Bank, National Association",N,Existing or more than 2 years old,14,NULL,Y,Corporation,129909.93,6/11/21
13547,2427397309,BEST TROPICAL,234 Row B Hunts Point Terminal Market,Bronx,NY,10474,10/20/21,Paid in Full,126442,126442,126442,Signature Bank,N,Existing or more than 2 years old,13,424480,Y,Corporation,128167.15,9/15/21
13826,9386578610,ANDREA VANEGAS BEAUTY LLL,811 Walton Ave Apt A19,Bronx,NY,10451-2321,12/7/21,Paid in Full,125970.82,125970.82,125970.82,Lower East Side People's FCU,Y,Existing or more than 2 years old,5,812112,N,Single Member LLC,126691.63,10/27/21
14369,4947667310,"RIGGING CONSULTANTS, INC",555 Longfellow Ave.,Bronx,NY,10474,4/17/21,Paid in Full,125045,125045,125045,"Santander Bank, National Association",Y,Existing or more than 2 years old,10,238910,Y,Corporation,126137.86,3/24/21
14437,1764838509,BEST MONITORING LTD,1120 Leggett Ave,Bronx,NY,10474-6232,2/18/22,Paid in Full,125000,125000,125000,Loan Source Incorporated,Y,Existing or more than 2 years old,35,561621,Y,Subchapter S Corporation,126003.42,12/14/21
14463,2188837301,J & K SEAFOOD INC,"800 Food Center Drive, Unit 56",Bronx,NY,10474,8/11/21,Paid in Full,136400,125000,125000,"Capital One, National Association",Y,Existing or more than 2 years old,5,424460,Y,Corporation,126465.28,7/15/21
15152,8145168501,NORTHSIDE INDUSTRIES LLC,1351 E Bay Ave,Bronx,NY,10474-7025,5/25/22,Paid in Full,124345,124345,124345,Loan Source Incorporated,Y,Existing or more than 2 years old,9,484220,Y,Limited  Liability Company(LLC),125734.94,4/28/22
15730,4867087302,ADVANCED BRONX DENTAL PLLC,237 Willis Avenue,Bronx,NY,10454,3/18/22,Paid in Full,123414,123414,123414,Customers Bank,Y,Existing or more than 2 years old,25,621210,Y,Corporation,125290.57,11/17/21
16426,7737667109,BRIGHT PHARMA INC.,142 E 170 Street,Bronx,NY,10452,7/15/21,Paid in Full,122400,122400,122400,Live Oak Banking Company,Y,Existing or more than 2 years old,14,446110,Y,Corporation,123791.67,6/9/21
16499,9065877206,CHELSEA CONSTRUCTION GROUP LLC,79 Alexander Avenue,Bronx,NY,10454,5/12/21,Paid in Full,120000,122300,122300,Hudson Valley CU,Y,Existing or more than 2 years old,6,236117,Y,Limited  Liability Company(LLC),123382.27,4/12/21
17413,6223827205,WASH AND SHINE CAR WASH INC.,169 Lincoln Ave,Bronx,NY,10454-3730,12/18/21,Paid in Full,120865.45,120865.45,120865.45,Ponce Bank,Y,Existing or more than 2 years old,25,811192,Y,Corporation,122719.82,11/17/21
18477,7208297709,INTEGRITY ELECTRIC CORP,523 Longfellow Ave,Bronx,NY,10474,9/24/21,Paid in Full,119500,119500,119500,"Citibank, N.A.",Y,Existing or more than 2 years old,12,999990,Y,Subchapter S Corporation,120980.47,8/2/21
21126,3597178905,PETERSON MERCHANDISE DISCOUNT INCORPARATED,128 E Clarke Pl Apt 4G,Bronx,NY,10452-7606,7/15/22,Paid in Full,115617,115617,115617,"JPMorgan Chase Bank, National Association",Y,Existing or more than 2 years old,7,448140,Y,Corporation,116866.5,6/2/22
21332,4471798804,WILL GROCERY & MEAT INC.,250 Willis Ave,Bronx,NY,10454-2612,10/20/21,Paid in Full,115327,115327,115327,"JPMorgan Chase Bank, National Association",Y,Existing or more than 2 years old,30,445110,Y,Corporation,115810.48,9/21/21
21384,7333187100,TUCK IT AWAY ASSOCIATES LTD,945 Summit Avenue 0.0,Bronx,NY,10452-5001,5/21/21,Paid in Full,115267,115267,115267,"JPMorgan Chase Bank, National Association",Y,Existing or more than 2 years old,8,531130,Y,Subchapter S Corporation,116396.62,4/12/21
22519,4251057709,"GREAT OAKS MECHANICAL, INC.",193 Willow Avenue,Bronx,NY,10454,9/30/21,Paid in Full,113775,113775,113775,"TD Bank, National Association",Y,Existing or more than 2 years old,12,NULL,Y,Corporation,115288.84,8/27/21
23285,9423637804,P. EAST TRADING CORP.,710 Longfellow Avenue,Bronx,NY,10474-6003,7/14/21,Paid in Full,112646,112646,112646,Celtic Bank Corporation,Y,Existing or more than 2 years old,19,423990,Y,Corporation,113812.58,6/22/21
23674,2885407710,HARLEM GROUP DR CORP.,884 Gerard Ave Comm,Bronx,NY,10452,3/20/21,Paid in Full,112302,112302,112302,"JPMorgan Chase Bank, National Association",N,Existing or more than 2 years old,20,813920,Y,Corporation,113191.62,2/17/21
24053,6462167205,C & C MEATS CORP,"355 Food Center Drive, F-4",Bronx,NY,10474,9/25/21,Paid in Full,111754,111754,111754,Signature Bank,N,Existing or more than 2 years old,12,424470,Y,Corporation,113147.1,8/4/21
26861,3721958607,JENRAM BAKERY CORP,521 Faile St,Bronx,NY,10474-6909,12/16/21,Paid in Full,108080,108080,108080,"Bank of America, National Association",Y,Existing or more than 2 years old,14,311812,Y,Subchapter S Corporation,108820.27,11/26/21
29972,6624848502,"LAUNDROMAT & CLEANERS EXPRESS, CORP.",671 Prospect Ave,Bronx,NY,10455-2463,9/24/21,Paid in Full,104375,104375,104375,Itria Ventures LLC,Y,Existing or more than 2 years old,6,812310,Y,Corporation,104827.29,8/13/21
30999,6286887307,MY WELLNESS SOLUTIONS,436 East 149 Street #Storefront,Bronx,NY,10455,7/15/21,Paid in Full,103167,103167,103167,WebBank,Y,Existing or more than 2 years old,12,812199,Y,Corporation,104307.57,6/3/21
31641,7427297110,PARASHER DENTAL PC,124 East 170th Street,Bronx,NY,10452,3/17/21,Paid in Full,102500,102500,102500,Customers Bank,Y,Existing or more than 2 years old,7,453998,Y,Corporation,103227.33,1/25/21
31688,1722487702,WALDORF BAKERS INC.,909 E 135th St,Bronx,NY,10454,4/22/21,Paid in Full,102469,102469,102469,"JPMorgan Chase Bank, National Association",Y,Existing or more than 2 years old,15,311812,Y,Corporation,103378.36,3/24/21
31868,8862328003,GRACE INTERNATIONAL MARKET,1009 Ogden Ave,Bronx,NY,10452-5104,3/19/22,Paid in Full,102245,102245,102245,"Kabbage, Inc.",Y,Existing or more than 2 years old,7,445110,Y,Self-Employed Individuals,103883.72,2/14/22
33723,1676367808,ALBERT MENIN INTERIORS,2417 Third Ave 510,Bronx,NY,10451-6330,3/23/22,Paid in Full,100071,100071,100071,Cross River Bank,Y,Existing or more than 2 years old,13,337110,Y,Corporation,101757.13,1/31/22
35141,3620118810,"FRUITS, VEGS & MEAT CORP",256 Saint Anns Ave,Bronx,NY,10454-2608,10/20/21,Paid in Full,99042,99042,99042,"JPMorgan Chase Bank, National Association",Y,Existing or more than 2 years old,25,445110,Y,Corporation,99465.29,9/21/21
35643,2712957310,LEE LOI INDUSTRIES INC.,234-236 Row B NYC Terminal Market,Bronx,NY,10474,5/21/21,Paid in Full,98482,98482,98482,Signature Bank,N,Existing or more than 2 years old,10,424480,Y,Corporation,99412.86,4/19/21
36183,2805968003,"ARETE EDUCATION, INC.",557 Grand Concourse Suite 3 #140,Bronx,NY,10451,5/18/21,Paid in Full,97900,97900,97900,"Citibank, N.A.",Y,Existing or more than 2 years old,36,611699,Y,Non-Profit Organization,98658.72,4/6/21
36607,9580477307,HERCULES DOOR HARDWARE CORP,886 East 149th Street,Bronx,NY,10455,6/30/21,Paid in Full,97500,97500,97500,"TD Bank, National Association",Y,Existing or more than 2 years old,12,541512,Y,Corporation,98428.96,4/15/21
37880,6465777304,SHREE RUSHIN RX INC,542 Southern Blvd,Bronx,NY,10455-3715,4/23/21,Paid in Full,89660,96075,96075,"Lendistry SBLC, LLC",Y,Existing or more than 2 years old,9,446110,Y,Corporation,96854.13,3/5/21
38346,7210507710,ACA FREIGHT FORWARDING INC,324 Bryant Ave,Bronx,NY,10474,1/21/21,Paid in Full,95600,95600,95600,"Citibank, N.A.",Y,Existing or more than 2 years old,10,488510,Y,Subchapter S Corporation,96192.19,12/21/20
38804,2905318603,PLATANO DEPOT LLC,546 Barretto St,Bronx,NY,10474-6720,11/9/21,Paid in Full,95062.5,95062.5,95062.5,Ponce Bank,N,Existing or more than 2 years old,5,311411,Y,Limited  Liability Company(LLC),95625.06,10/22/21
39746,5491647310,SULLIVAN CUSTOM WOOD FLOORS INC,1455 Cromwell Ave,Bronx,NY,10452,8/10/21,Paid in Full,94135,94135,94135,Celtic Bank Corporation,Y,Existing or more than 2 years old,6,236115,Y,Subchapter S Corporation,95269.78,7/15/21
40866,4127457703,SONRISA CORP  DBA-SBA SMALL 7A TERM,755 E B 149th ST,Bronx,NY,10455,6/30/21,Paid in Full,93040,93040,93040,"TD Bank, National Association",N,Existing or more than 2 years old,12,NULL,Y,Corporation,93905.79,4/8/21
41277,9669787204,STAR PHARMA INC,115 Feather Bed LN #A,Bronx,NY,10452,4/9/21,Paid in Full,92609,92609,92609,Valley National Bank,Y,Existing or more than 2 years old,6,446110,Y,Subchapter S Corporation,93434.76,3/23/21
41893,3964397200,DOMINICANOS USA INC,369 East 149th Street 11th Fl,Bronx,NY,10455,4/23/21,Paid in Full,92000,92000,92000,Popular Bank,Y,Existing or more than 2 years old,10,611710,Y,Professional Association,82496.56,12/14/20
42934,7549628401,136 ALEXANDER CAFE LLC,136 Alexander Ave,Bronx,NY,10454-4570,9/20/22,Paid in Full,90955,90955,90955,Loan Source Incorporated,Y,Existing or more than 2 years old,26,722511,Y,Limited  Liability Company(LLC),92315.59,8/18/22
43555,5426558100,"NYC SMALL BUSINESS SOLUTIONS, INC",557 Grand Concourse Ste 4089,Bronx,NY,10451,3/18/22,Paid in Full,90291,90291,90291,"Kabbage, Inc.",Y,Existing or more than 2 years old,6,541990,Y,Corporation,91488.28,11/17/21
46792,1710667809,MASA-MEXED INC,2770 Third Ave,Bronx,NY,10455,3/19/22,Paid in Full,87465,87465,87465,"TD Bank, National Association",Y,Existing or more than 2 years old,14,611710,Y,Corporation,88983.49,2/11/22
47167,9236647104,IFS STUDIO INC,480  Austin Place Building A,Bronx,NY,10455-5023,7/14/21,Paid in Full,87082,87082,87082,Celtic Bank Corporation,Y,Existing or more than 2 years old,9,337212,Y,Subchapter S Corporation,88081.65,6/17/21
47203,9122697110,MARISCO CENTER INC.,610 Exterior St,Bronx,NY,10451,5/27/21,Paid in Full,87039.72,87039.72,87039.72,Hanover Community Bank,Y,Existing or more than 2 years old,25,722511,Y,Corporation,87842.42,4/5/21
48683,3977188910,WIPE-TEX INTERNATIONAL CORP,110 E 153rd St,Bronx,NY,10451-5230,12/18/21,Paid in Full,85790,85790,85790,"JPMorgan Chase Bank, National Association",Y,Existing or more than 2 years old,17,313210,N,Partnership,86212.71,10/29/21
50774,5710877310,E & M FOOD MARKET CORP,760 Melrose Avenue,Bronx,NY,10451,1/22/21,Paid in Full,84015,84015,84015,"TD Bank, National Association",Y,Existing or more than 2 years old,19,445110,Y,Corporation,84554.1,12/21/20
50829,9601707108,"MARTINEZ INSURANCE AGENCY, INC.",251 E 138th street,Bronx,NY,10451,7/14/21,Paid in Full,83972,83972,83972,WebBank,Y,Existing or more than 2 years old,13,524210,Y,Corporation,84965.67,6/17/21
51880,3667097110,"INNOVATIVE PROPERTY MANAGEMENT & DEVELOPMENT, INC.",798 Westchester Ave,Bronx,NY,10455,3/23/21,Paid in Full,83214,83214,83214,Hanover Community Bank,Y,Existing or more than 2 years old,8,561110,Y,Corporation,83909.76,2/24/21
51924,7984557304,IMPERIEX CONSTRUCTION INC.,1185 Randall Ave.,Bronx,NY,10474,4/17/21,Paid in Full,83183,83183,83183,"Santander Bank, National Association",Y,Existing or more than 2 years old,8,238910,Y,Corporation,83921.39,3/25/21
52288,2615467303,DARRYL LIEBERMAN DDS AND ASSOCIATES PC,790 Concoure Village west,Bronx,NY,10451,3/18/22,Paid in Full,82852,82852,82852,Customers Bank,N,Existing or more than 2 years old,9,621210,N,Corporation,84136.77,11/17/21
53200,4683827207,EMPORIUM SUPERMARKET CORP.,148 E 170th Street,Bronx,NY,10452,5/13/21,Paid in Full,82112.42,82112,82112,Mid Penn Bank,Y,Existing or more than 2 years old,27,445110,Y,Corporation,82894.88,4/15/21
53902,1317498610,KEILA RAPHAEL,1133 Ogden Ave Apt 1L,Bronx,NY,10452-4306,11/19/21,Paid in Full,81500,81500,81500,"Citibank, N.A.",Y,Existing or more than 2 years old,11,541618,Y,Sole Proprietorship,81998.06,10/27/21
54357,1943527302,FLYOUNGLLC,242 east 137th street 3rd floor,Bronx,NY,10451,3/18/22,Paid in Full,81182,81182,81182,Customers Bank,Y,Existing or more than 2 years old,10,999990,Y,Limited  Liability Company(LLC),82425.31,11/16/21
55236,9868697204,KATSURA CONSTRUCTION INC,761 Bruckner Blvd.,Bronx,NY,10455,4/22/21,Paid in Full,80500,80500,80500,"TD Bank, National Association",Y,Existing or more than 2 years old,7,236220,Y,Corporation,81217.79,3/17/21
56588,8359677206,"SMART ROOFS, LLC",1360 Garrison Avenue,Bronx,NY,10474,10/8/21,Paid in Full,79558.65,79558.65,79558.65,"Modern Bank, National Association",Y,Existing or more than 2 years old,34,238160,Y,Limited  Liability Company(LLC),80621.64,9/2/21
57407,5713287305,SACRED HEART CHURCH,1253 Shakespeare Avenue,Bronx,NY,10452,2/18/22,Paid in Full,78900,78900,78900,Loan Source Incorporated,Y,Existing or more than 2 years old,7,813110,Y,Corporation,79686.84,5/10/21
58806,7068417705,"CLASSIC SOFA OF NY, LTD.",728 East 136th Street,Bronx,NY,10454,1/21/21,Paid in Full,77800,77800,77800,"Citibank, N.A.",Y,Existing or more than 2 years old,10,811420,Y,Corporation,68204.92,12/10/20
63407,3547217202,"FITZ & PAL FOOD CENTER, LLC",Unit 31B NYC Hunts Point Terminal Market,Bronx,NY,10474,2/25/21,Paid in Full,74639,74639,74639,Signature Bank,N,Existing or more than 2 years old,5,424480,Y,Partnership,75156.36,1/19/21
65599,7719047205,"EAST COAST ENVIRONMENTAL SERVICES OF NY, INC.",340 Jackson Avenue,Bronx,NY,10454,9/25/21,Paid in Full,73000,73000,73000,Signature Bank,Y,Existing or more than 2 years old,7,213112,Y,Corporation,73938,8/19/21
69717,9476557209,"SAFEWAY PHARMACY, INC",493 East 138th Street,Bronx,NY,10454,1/19/22,Paid in Full,70060,70060,70060,"Spencer Savings Bank, SLA",Y,Existing or more than 2 years old,8,446110,Y,Corporation,70632.16,2/24/21
71036,8127857202,JNJ NEW YORK INC,2856-70 Third Ave.,Bronx,NY,10455,7/10/21,Paid in Full,69308.32,69308.32,69308.32,"KEB Hana Bank USA, National Association",Y,Existing or more than 2 years old,15,446120,Y,Corporation,70103.44,6/22/21
71386,9679657705,SATELLITE PLUMBING CORPORATION,65 Bruckner Blvd,Bronx,NY,10454-4436,3/23/21,Paid in Full,75000,69100,69100,"Newtek Small Business Finance, Inc.",Y,Existing or more than 2 years old,5,238220,Y,Subchapter S Corporation,69591.38,2/22/21
71435,5714038102,"THE INSTITUTE FOR MEDIATION AND CONFLICT RESOLUTION, INC.","369 E. 148th Street, Lower Level",Bronx,NY,10455,11/6/21,Paid in Full,50000,69050,69050,Fountainhead SBF LLC,Y,Existing or more than 2 years old,7,624190,Y,Non-Profit Organization,69899.7,10/28/21
72846,2969647404,POWER MASTERS ELECTRICAL CONTRACTING INC.,385 Rider Avenue,Bronx,NY,10451,8/12/21,Paid in Full,68087.5,68087.5,68087.5,Orange Bank & Trust Company,Y,Existing or more than 2 years old,6,238210,Y,Corporation,68908.33,7/22/21
73226,1148837302,DEFENDER SECURITY INC,798 Westchester Ave,Bronx,NY,10455,3/20/21,Paid in Full,67841,67841,67841,Hanover Community Bank,Y,Existing or more than 2 years old,11,561612,Y,Corporation,68395.03,2/24/21
73656,4498257309,BEST PRICE RENOVATIONS LLC,408 E 154th St,Bronx,NY,10455,6/17/21,Paid in Full,67532.5,67532.5,67532.5,"Square Capital, LLC",Y,Existing or more than 2 years old,5,238350,Y,Limited  Liability Company(LLC),68244.83,5/21/21
73869,2196908610,BLICKMEYER & SIEBELITZ INC,1145 Longwood Ave,Bronx,NY,10474-5712,12/21/21,Paid in Full,67472,67472,67472,"JPMorgan Chase Bank, National Association",Y,Existing or more than 2 years old,8,811118,Y,Corporation,67914.65,11/15/21
76573,4424007301,PSK RX INC,2702 3rd Ave,Bronx,NY,10454-1210,5/25/21,Paid in Full,66450,65707,65707,"Lendistry SBLC, LLC",Y,Existing or more than 2 years old,7,446110,Y,Corporation,66313.66,4/21/21
77550,4616407406,JETS PRODUCE,#263A Row B NYC Terminal MKT,Bronx,NY,10474,11/18/21,Paid in Full,65100,65100,65100,"Citibank, N.A.",N,Existing or more than 2 years old,7,445230,Y,Subchapter S Corporation,52549.53,7/15/21
78113,4423737306,CHOICE ONE PHARMA INC,1550 University Avenue,Bronx,NY,10452-1503,5/25/21,Paid in Full,64895,64895,64895,"Lendistry SBLC, LLC",Y,Existing or more than 2 years old,6,446110,Y,Corporation,65506.61,4/21/21
78718,2206767309,BRONX 170 FOODS INC,140 E 170th St,Bronx,NY,10452,8/12/21,Paid in Full,64500,64500,64500,Live Oak Banking Company,Y,Existing or more than 2 years old,12,722513,Y,Subchapter S Corporation,65295.21,7/26/21
79049,2578087307,"REYES PRODUCE TRANSPORT, INC.",540-544 Faile Street,Bronx,NY,10474,8/18/21,Paid in Full,64305,64305,64305,Signature Bank,Y,Existing or more than 2 years old,10,484220,Y,Subchapter S Corporation,65094.28,7/28/21
83585,3647407306,"WE STAY-NOS QUEDAMOS, INC.",754 Melrose Avenue,Bronx,NY,10451,2/18/22,Paid in Full,62000,62000,62000,Loan Source Incorporated,Y,Existing or more than 2 years old,5,713990,Y,Corporation,62783.07,8/17/21
84098,2322457307,BRONX BROOK FOODS INC,513 E 138th St,Bronx,NY,10454,9/15/21,Paid in Full,61700,61700,61700,Live Oak Banking Company,Y,Existing or more than 2 years old,9,722513,Y,Corporation,62479.28,8/4/21
84550,4102628510,119 LOLY RESTAURANT,119 E Mount Eden Ave # STR2,Bronx,NY,10452-5804,3/18/22,Paid in Full,61425,61425,61425,"JPMorgan Chase Bank, National Association",Y,Existing or more than 2 years old,5,722511,Y,Limited  Liability Company(LLC),62006.9,2/10/22
84591,4208777206,NEW YORK  CITY ELECTRIC INC,435 Austin place Suite D,Bronx,NY,10455,5/18/21,Paid in Full,61400,61400,61400,"Citibank, N.A.",Y,Existing or more than 2 years old,5,238210,Y,Subchapter S Corporation,61995.24,4/26/21
85573,5452147201,CMC DEVELOPMENT GROUP LLC,749 E. 135th Street,Bronx,NY,10454,5/18/21,Paid in Full,60876.87,60876.87,60876.87,Orange Bank & Trust Company,Y,Existing or more than 2 years old,8,531210,Y,Limited  Liability Company(LLC),61473.8,4/23/21
87478,3649128904,THRIFTLAND USA INC.,110 E 153rd St,Bronx,NY,10451-5230,12/18/21,Paid in Full,59987,59987,59987,"JPMorgan Chase Bank, National Association",Y,Existing or more than 2 years old,15,453310,N,Subchapter S Corporation,60289.1,11/2/21
88870,2405947405,ANYELISA REST. CORP.,28 E 167th St,Bronx,NY,10452-8201,9/21/21,Paid in Full,59175,59175,59175,Ponce Bank,Y,Existing or more than 2 years old,11,722511,Y,Corporation,59925.63,8/18/21
89017,9541527709,"THE FIEDLER COMPANIES, INC.",408 E 134th St,Bronx,NY,10454-4502,7/20/21,Paid in Full,59100,59100,59100,"Newtek Small Business Finance, Inc.",Y,Existing or more than 2 years old,5,238160,Y,Subchapter S Corporation,59707.42,6/11/21
89589,3406868800,ESPERANZA SUPERMARKET LLC,107 Featherbed Ln,Bronx,NY,10452-1615,2/18/22,Paid in Full,58788.2,58788.2,58788.2,Loan Source Incorporated,Y,Existing or more than 2 years old,15,445110,Y,Limited  Liability Company(LLC),59179.58,12/14/21
91584,1416197700,DIVINE MOVING &AMP; STORAGE LTD,550 BARRY STREET,Bronx,NY,10474,3/3/21,Paid in Full,57708,57707.5,57707.5,"JPMorgan Chase Bank, National Association",Y,Existing or more than 2 years old,10,484210,Y,Corporation,58068.81,12/18/20
92227,9543037207,"RAY'S PHARMACY, INC.",423 E. 138th Street,Bronx,NY,10454,1/19/22,Paid in Full,57435,57435,57435,"Spencer Savings Bank, SLA",Y,Existing or more than 2 years old,7,446110,Y,Corporation,57904.05,2/24/21
95283,6829397702,PVR DRUGS INC,567 courtlandt ave,Bronx,NY,10451,6/15/21,Paid in Full,55900,55900,55900,"Citibank, N.A.",Y,Existing or more than 2 years old,8,446110,Y,Corporation,56449.68,4/29/21
97652,1100769102,NEW V & B POWER CORP,674 Hunts Point Ave,Bronx,NY,10474-6507,1/20/22,Paid in Full,54871.82,54871.82,54871.82,Ponce Bank,Y,Existing or more than 2 years old,12,236118,Y,Corporation,55143.92,12/27/21
101253,6466047005,PHARMORE RX INC.,337 East 149th Street,Bronx,NY,10451,7/15/21,Paid in Full,53100,53100,53100,Live Oak Banking Company,Y,Existing or more than 2 years old,7,446110,Y,Corporation,53715.38,6/9/21
101964,5434487303,SKYWAY ROAD SERVICE CORP,629 Casanova Street,Bronx,NY,10474,10/22/21,Paid in Full,52775,52775,52775,"TD Bank, National Association",Y,Existing or more than 2 years old,6,811111,Y,Corporation,53491.86,9/10/21
102223,4136777304,WATER PLACE PHARMACY LLC,313 E 161ST STREET,Bronx,NY,10451,5/14/21,Paid in Full,52616,52616,52616,Valley National Bank,Y,Existing or more than 2 years old,8,446110,Y,Limited  Liability Company(LLC),53137.78,4/30/21
103016,9672577201,"GERARD PHARMACY, INC.",903 Gerard Avenue,Bronx,NY,10452,1/19/22,Paid in Full,52367.5,52367.5,52367.5,"Spencer Savings Bank, SLA",Y,Existing or more than 2 years old,7,446110,Y,Corporation,52795.17,2/24/21
103076,8316087402,CONCOURSE PEDIATRICS P.C.,1001 Grand Concourse Apt 1E,Bronx,NY,10452,7/20/21,Paid in Full,52340,52340,52340,Popular Bank,Y,Existing or more than 2 years old,6,621111,Y,Subchapter S Corporation,52886.66,6/3/21
103768,9516377209,"GARDEN PHARMACY, INC",273 East 149th Street,Bronx,NY,10451,1/19/22,Paid in Full,52025,52025,52025,"Spencer Savings Bank, SLA",Y,Existing or more than 2 years old,7,446110,Y,Corporation,52449.87,2/24/21
104946,9240217303,FAIRFIELD REFRIGERATION AND COOLING EQUIPMENT,147 Lincoln Ave 3B,Bronx,NY,10454,3/23/22,Paid in Full,51534,51534,51534,Cross River Bank,Y,Existing or more than 2 years old,11,238220,Y,Sole Proprietorship,52402.31,1/19/22
105358,5440707402,170TH ST AUTO MECHANIC SHOP INC,25 West 170 St,Bronx,NY,10452,5/22/21,Paid in Full,51360,51360,51360,Popular Bank,Y,Existing or more than 2 years old,10,811121,Y,Corporation,51847.92,4/28/21
106276,6323467800,1187 T&J FOOD CORP,1187 JEROME AVENUE,Bronx,NY,10452,2/24/21,Paid in Full,50950,50950,50950,Popular Bank,Y,Existing or more than 2 years old,11,445110,Y,Corporation,51258.53,1/8/21
106926,4138317702,BB PAINT DISTRIBUTORS INC-SBA SMALL 7A TERM,740 SOUTHERN BLVD,Bronx,NY,10455,6/30/21,Paid in Full,50660,50660,50660,"TD Bank, National Association",Y,Existing or more than 2 years old,5,424950,Y,Subchapter S Corporation,51046.97,3/22/21
107980,4378757704,"MATTE GRAPHICS , LLC",225 Bruckner Blvd,Bronx,NY,10454,11/23/21,Paid in Full,50185.3,50185,50185,"TD Bank, National Association",Y,Existing or more than 2 years old,5,541430,Y,Limited  Liability Company(LLC),50928.02,10/22/21
108085,9300877403,PROSPECT SUPERMARKET OF NY INC,795 Prospect Av.,Bronx,NY,10455,11/23/21,Paid in Full,50107,50107,50107,"TD Bank, National Association",Y,Existing or more than 2 years old,11,445110,Y,Corporation,50837.73,10/28/21
110487,3391567706,THE EVERGREEN ASSOCIATION INC-SBA SMALL 7A TERM,344 East 149th St.,Bronx,NY,10451,6/30/21,Paid in Full,49414,49414,49414,"TD Bank, National Association",Y,Existing or more than 2 years old,5,NULL,Y,Sole Proprietorship,49913.63,5/6/21
110777,2946488310,COALITION ON POSITIVE HEALTH EMPOWERMENT,790 Concourse Vlg W Apt 19A,Bronx,NY,10451-3803,7/21/21,Paid in Full,49297,49297,49297,"Grow America Fund, Incorporated",Y,Existing or more than 2 years old,5,525120,N,501(c)3 – Non Profit,49490.08,6/14/21
111359,2158667308,LCS RESTORATION CORP,725 East 135th Street,Bronx,NY,10454,11/19/21,Paid in Full,49050,49050,49050,"Santander Bank, National Association",Y,Existing or more than 2 years old,7,238990,Y,Corporation,49747.45,10/6/21
113353,6165918009,614 MELROSE RESTAURANT CORP,614 Melrose Ave,Bronx,NY,10455-2627,4/19/22,Paid in Full,48210,48210,48210,Popular Bank,Y,Existing or more than 2 years old,12,722511,Y,Corporation,48654.67,8/18/21
117242,7142857707,"JOHN KLAUDER PIPE ORGAN SERVICE, INC.",1020 Grand Concourse Apt 12 - J,Bronx,NY,10451,3/19/21,Paid in Full,46700,46700,46700,"Citibank, N.A.",Y,Existing or more than 2 years old,5,811490,Y,Corporation,47048.95,2/9/21
118586,4632448501,M & A USA CORP,1307 Edward L Grant Hwy,Bronx,NY,10452-3145,12/14/21,Paid in Full,46157,46157,46157,Itria Ventures LLC,Y,Existing or more than 2 years old,11,236116,Y,Corporation,46487.79,11/16/21
119618,9859627105,NEW YORK BOTTLING CO INC.,626 Whittier Street,Bronx,NY,10474,8/18/21,Paid in Full,345000,45750.11,45750.11,Hanover Community Bank,Y,Existing or more than 2 years old,35,312111,Y,Corporation,46319.44,7/27/21
120499,7078417709,SPOILED ROTTEN USA,605 east 132nd street,Bronx,NY,10454,7/16/21,Paid in Full,45400,45400,45400,"Citibank, N.A.",Y,Existing or more than 2 years old,10,315240,Y,Subchapter S Corporation,45888.05,6/2/21
120631,4239417707,ALBATROSS FISH CORP-SBA SMALL 7A TERM,800 Food Center Drive unit 93,Bronx,NY,10474,6/30/21,Paid in Full,45352,45352,45352,"TD Bank, National Association",Y,Existing or more than 2 years old,5,445220,Y,Corporation,45786.62,4/15/21
120652,5889198901,J HARDWARE DISTRIBUTOR CORP,2800 3rd Ave,Bronx,NY,10455-4023,10/21/21,Paid in Full,45340,45340,45340,"JPMorgan Chase Bank, National Association",Y,Existing or more than 2 years old,5,423710,Y,Corporation,45504.16,9/15/21
120801,9913667108,BLOCK STUDIO INC.,480 Austin Pl Building A,Bronx,NY,10455-5023,8/10/21,Paid in Full,71445,45300,45300,Celtic Bank Corporation,Y,Existing or more than 2 years old,5,236118,Y,Subchapter S Corporation,45848.56,7/14/21
123565,1538587305,138 PETROLEUM LLC,115 E 138th St,Bronx,NY,10451,11/19/21,Paid in Full,44400,44400,44400,"Capital One, National Association",Y,Existing or more than 2 years old,11,722513,N,Limited  Liability Company(LLC),45035.17,10/12/21
124624,8187467205,CHURCH OF CHRIST THE KING,141 Marcy Pl,Bronx,NY,10452-7402,2/18/22,Paid in Full,44000,44000,44000,Loan Source Incorporated,Y,Existing or more than 2 years old,6,813110,Y,Corporation,44452.05,5/26/21
124929,8534147307,ULTIMATECH CAR WASH EQUIPMENT CORP,525 Tiffany Street,Bronx,NY,10474,3/18/22,Paid in Full,43870,43870,43870,Customers Bank,Y,Existing or more than 2 years old,13,333249,Y,Corporation,44574.32,12/9/21
133403,4794817305,LOTUS JACKSON AVE GAS CORP,250 Jackson Avenue,Bronx,NY,10454,11/18/21,Paid in Full,41500,41500,41500,"Capital One, National Association",Y,Existing or more than 2 years old,5,447110,Y,Corporation,42100.6,10/15/21
133644,4252737300,MEDICAL MISSION HEALTH CARE PC,489 Brook Avenue,Bronx,NY,10455,12/1/21,Paid in Full,41410,41410,41410,WebBank,Y,Existing or more than 2 years old,6,621112,Y,Corporation,42021.95,10/15/21
134051,5857637204,S&H BONDI'S DEPT. STORE INC.,1412 Jerome Ave,Bronx,NY,10452-3306,8/10/21,Paid in Full,41259.5,41259.5,41259.5,Ponce Bank,Y,Existing or more than 2 years old,10,452210,Y,Corporation,41759.14,7/22/21
135941,6058857307,CUDLEYS TRAINING PROGRAM,391 East 149th street suite 521,Bronx,NY,10455,3/18/22,Paid in Full,40635,40635,40635,Customers Bank,Y,Existing or more than 2 years old,6,611519,Y,Limited  Liability Company(LLC),41312.99,1/12/22
137919,2666517305,1317 FLEET FUEL INC,1317 Oak Point Avenue,Bronx,NY,10474,6/19/21,Paid in Full,40000,40000,40000,Signature Bank,Y,Existing or more than 2 years old,6,424720,Y,Corporation,40398.9,5/5/21
138426,9158167204,MANS LAUNDROMAT INC,675 Morris Avenue,Bronx,NY,10451,5/15/21,Paid in Full,39982,39982,39982,Celtic Bank Corporation,Y,Existing or more than 2 years old,7,621111,Y,Corporation,40381.82,4/30/21
138455,4245178710,V&P USED PALLET INC,650 Longfellow Ave,Bronx,NY,10474-6509,10/20/21,Paid in Full,39962,39962,39962,"TD Bank, National Association",Y,Existing or more than 2 years old,11,321920,Y,Subchapter S Corporation,40140.72,9/15/21
138920,7099527303,"CAPS UNLIMITED, INC.",16 East 170th Street,Bronx,NY,10452,7/17/21,Paid in Full,39800,39800,39800,"Capital One, National Association",Y,Existing or more than 2 years old,11,448150,Y,Corporation,40236.69,6/22/21
139665,8250007309,R&L SUNSET PRODUCE CORP.,1165 Garrison Ave,Bronx,NY,10474,6/19/21,Paid in Full,39555,39555,39555,WebBank,Y,Existing or more than 2 years old,6,445230,Y,Corporation,39982.41,5/26/21
141521,8411678407,TEAMWORK FDN INC,478 Gerard Ave,Bronx,NY,10451-5339,11/19/21,Paid in Full,38927,38927,38927,"JPMorgan Chase Bank, National Association",Y,Existing or more than 2 years old,9,713990,Y,501(c)3 – Non Profit,39187.68,10/22/21
142138,4396617309,"INDOOR REMEDIATION SERVICES, LLC",301 Walton Avenue,Bronx,NY,10451-5483,6/6/20,Paid in Full,38743,38743,38743,Carver Federal Savings Bank,Y,Existing or more than 2 years old,6,562910,Y,Limited  Liability Company(LLC),39291.86,9/29/21
144188,3995607205,"RICHARD L. GIAMPA, ESQ, P.C.","860 Grand Concourse, Suite 1H",Bronx,NY,10451,2/18/22,Paid in Full,38100,38100,38100,Loan Source Incorporated,Y,Existing or more than 2 years old,5,541110,Y,Corporation,38534.24,6/29/21
145866,5861387204,COSMOS SEAFOOD,550 Casanova St,Bronx,NY,10474-6712,9/23/21,Paid in Full,37592.5,37592.5,37592.5,Ponce Bank,Y,Existing or more than 2 years old,7,424460,Y,Subchapter S Corporation,38085.84,8/30/21
148835,2686578806,CARLOS GATES AND IRON WORKS INC.,474 E 146th St,Bronx,NY,10455-4134,2/18/22,Paid in Full,36880,36880,36880,"JPMorgan Chase Bank, National Association",Y,Existing or more than 2 years old,5,812990,Y,Subchapter S Corporation,37138.02,12/28/21
149958,3372808402,DECOFULL MILLWORK INC,432 Austin Pl,Bronx,NY,10455-5006,9/25/21,Paid in Full,36529,36529,36529,"Transportation Alliance Bank, Inc. d/b/a TAB Bank",Y,Existing or more than 2 years old,5,238350,Y,Corporation,36702.51,8/2/21
150079,4869837208,SS PHARMA INC.,"39-41 E 170 Street, #41",Bronx,NY,10452,7/15/21,Paid in Full,36500,36500,36500,Live Oak Banking Company,Y,Existing or more than 2 years old,6,446110,Y,Corporation,36907,6/10/21
150140,1881648107,CAREPOINT PHARMACY CORP,888 Hunts point ave,Bronx,NY,10474,4/23/21,Paid in Full,36497,36497,36497,"TD Bank, National Association",Y,Existing or more than 2 years old,5,561990,Y,Corporation,36742.34,3/22/21
152663,2422087703,MAC E86 LLC,435 Longfellow Ave,Bronx,NY,10474,8/20/21,Paid in Full,35743,35742.5,35742.5,"JPMorgan Chase Bank, National Association",Y,Existing or more than 2 years old,5,999990,Y,Limited  Liability Company(LLC),36176.45,7/22/21
155054,1204277208,CROTONA PARK HOUSING LP,1325 LAFAYETTE AVE BSMT 1,Bronx,NY,10474,1/22/21,Paid in Full,35035,35035,35035,"TD Bank, National Association",Y,Existing or more than 2 years old,9,531311,Y,Partnership,35257.86,12/9/20
155810,1758747710,"MISS GRIMBLE ASSOCIATES, INC.",909 E 135th St,Bronx,NY,10454,4/22/21,Paid in Full,34960,34960,34960,"JPMorgan Chase Bank, National Association",Y,Existing or more than 2 years old,5,311812,Y,Corporation,35270.25,3/24/21
157207,3702107401,"228 WILLIS AVENUE FOODS, LLC",228 Willis Avenue,Bronx,NY,10454,3/23/22,Paid in Full,34544,34544,34544,Cross River Bank,Y,Existing or more than 2 years old,8,722513,Y,Limited  Liability Company(LLC),35057.9,11/17/21
158677,8257118306,WILLIS CARE PHARMACY INC,208 Willis Ave,Bronx,NY,10454-4844,10/9/21,Paid in Full,34152,34152,34152,Manufacturers and Traders Trust Company,Y,Existing or more than 2 years old,5,446110,Y,Corporation,34337.26,8/26/21
164084,4087347209,"SOUTHERN BLVD. DEPOT, INC",748 Southern Blvd.,Bronx,NY,10455-2106,9/29/21,Paid in Full,32670,32670,32670,Popular Bank,Y,Existing or more than 2 years old,5,722330,Y,Sole Proprietorship,33093.8,8/16/21
167854,1573627310,J&L YANKEE INC.,72 East 161 Street,Bronx,NY,10451,4/17/21,Paid in Full,31790,31790,31790,"Santander Bank, National Association",Y,Existing or more than 2 years old,8,722511,Y,Corporation,32048.67,3/1/21
168936,1404347308,"ONE STOP LIVE MARKET, INC.",1230 Jerome Ave.,Bronx,NY,10452,2/19/22,Paid in Full,31500,31500,31500,Loan Source Incorporated,Y,Existing or more than 2 years old,5,446191,Y,Corporation,31852.11,6/24/21
168940,1504497206,NETWORK SUPPORT SERVICES INC.,555 bergen ave,Bronx,NY,10455-1368,4/19/22,Paid in Full,31500,31500,31500,New York Business Development Corporation,Y,Existing or more than 2 years old,7,923120,Y,Non-Profit Organization,31892.67,7/23/21
169890,3099568509,ECONOMY REFRIGERATION CORP,1234 Randall Ave,Bronx,NY,10474-6308,4/20/22,Paid in Full,31272,31272,31272,"JPMorgan Chase Bank, National Association",Y,Existing or more than 2 years old,5,423740,Y,Corporation,31605.71,3/24/22
170451,2050447800,MADE IN PR LATIN CUISINE & SPORTS BAR CORP,26 Bruckner Blvd,Bronx,NY,10454,9/25/21,Paid in Full,31200,31200,31200,"Capital One, National Association",Y,Existing or more than 2 years old,10,722511,Y,Subchapter S Corporation,31583.07,8/19/21
170564,9004508301,ONE STOP PHARMACY CORPORATION,176 E 161st St,Bronx,NY,10451-3508,3/19/22,Paid in Full,31200,31200,31200,Bank of Hope,Y,Existing or more than 2 years old,5,446110,Y,Corporation,31510.29,2/8/22
173944,6207057406,846 GROCERY CORP,846 Gerard Avenue,Bronx,NY,10451,7/14/21,Paid in Full,30337,30337,30337,Celtic Bank Corporation,Y,Existing or more than 2 years old,6,721199,Y,Corporation,30671.95,6/22/21
174133,7686927201,NOSOTROS HOUSING DEVELOPMENT FUND CORPORATION,"1465 Nelson Avenue,",Bronx,NY,10452,2/18/22,Paid in Full,30300,30300,30300,Loan Source Incorporated,Y,Existing or more than 2 years old,5,531110,Y,Corporation,30681.03,8/16/21
177638,5341897407,ARMANI PALLETS LLC,1173 Worthen ST,Bronx,NY,10474,10/21/21,Paid in Full,29668,29668,29668,"TD Bank, National Association",Y,Existing or more than 2 years old,5,484220,Y,Limited  Liability Company(LLC),30068.52,9/13/21
178461,4671927401,CRYSTAL-SMITH LLC,199 Lincoln Avenue Suite 203,Bronx,NY,10454,7/14/21,Paid in Full,29492,29492,29492,WebBank,Y,Existing or more than 2 years old,5,423220,Y,Limited  Liability Company(LLC),29826.24,6/28/21
180591,7550317305,NYC TRUCKING CORP,532 Bryant Ave,Bronx,NY,10474-6924,3/31/21,Paid in Full,29138.7,29138.7,29138.7,Ponce Bank,Y,Existing or more than 2 years old,6,424480,Y,Corporation,29380.59,3/5/21
190269,1434427908,MYTAX2GO,605 East 138th Street,Bronx,NY,10454,11/20/21,Paid in Full,27079,27079,27079,"TD Bank, National Association",Y,Existing or more than 2 years old,5,541213,Y,Limited  Liability Company(LLC),27437.8,10/4/21
193546,3460287710,LONGFELLOW OWNERS LLC-SBA SMALL 7A TERM,1325 Lafayette Ave,Bronx,NY,10474,2/23/21,Paid in Full,26384,26384,26384,"TD Bank, National Association",Y,Existing or more than 2 years old,9,NULL,Y,Limited  Liability Company(LLC),26562.09,1/7/21
194445,6308787804,"LA NUEVA WIN HING RESTAURANT, INC.",40 E 167th St,Bronx,NY,10452-8207,2/2/22,Paid in Full,26200,26200,26200,New York Business Development Corporation,Y,Existing or more than 2 years old,6,722511,Y,Corporation,26451.23,6/1/21
195103,6053408505,BAY'S PIZZA INC,553 E 138th St,Bronx,NY,10454-3227,6/16/22,Paid in Full,26057,26057,26057,"JPMorgan Chase Bank, National Association",Y,Existing or more than 2 years old,6,722513,Y,Corporation,26374.07,5/25/22
198126,9839427107,BOYNTON WHEELER LP,1325 LAFAYETTE AVE BSMT 1,Bronx,NY,10474,12/19/20,Paid in Full,25482,25482,25482,"TD Bank, National Association",Y,Existing or more than 2 years old,10,531311,Y,Partnership,25632.06,11/27/20
199281,9449977309,132 VERMILEA CORP,437 Barreto Street,Bronx,NY,10474,3/23/22,Paid in Full,25213,25213,25213,Cross River Bank,N,Existing or more than 2 years old,6,484210,Y,Corporation,25638.51,1/19/22
203104,2287128106,CHRISTINA NAIL SPA INC,500 E 149th Street,Bronx,NY,10455-1359,3/19/22,Paid in Full,24743,24743,24743,"Kabbage, Inc.",Y,Existing or more than 2 years old,5,812113,Y,Corporation,25073.81,11/17/21